R#,ADP,PLAYER,POS,TEAM,GP,MPG,FG%,FT%,3PM,PTS,TREB,AST,STL,BLK,TO,TOTAL
1,1.2,Nikola Jokic,C,DEN,72,34.6,0.606 (10.9/18.0),0.794 (5.4/6.8),1.5,28.7,13.2,8.7,1.3,0.8,4,14.57
2,3.5,Joel Embiid,C,PHI,67,34.2,0.537 (10.8/20.0),0.836 (9.9/11.9),1.2,32.6,10.2,4.2,1.1,1.6,3.3,13.26
3,5.4,Shai Gilgeous-Alexander,"PG,SG",OKC,67,35.5,0.486 (9.7/20.0),0.884 (9.2/10.4),1,29.6,5,5.6,1.5,0.9,2.9,10.68
4,2.7,Luka Doncic,PG,DAL,64,35.8,0.492 (10.8/22.0),0.777 (7.4/9.5),3.2,32.1,9.2,8.5,1.2,0.5,3.8,9.87
5,5.3,Jayson Tatum,"SF,PF",BOS,75,36.5,0.473 (10.0/21.1),0.858 (6.6/7.7),3.3,29.8,8.2,4.8,1.1,0.7,3,9.74
6,6.7,Stephen Curry,"PG,SG",GS,65,34.6,0.476 (9.4/19.8),0.914 (4.5/4.9),4.7,28,5.6,5.6,0.9,0.3,3.3,9.39
7,6.9,Tyrese Haliburton,"PG,SG",IND,73,34.7,0.488 (9.0/18.4),0.857 (2.6/3.0),2.8,23.3,4,10.5,1.7,0.4,2.6,9.33
8,11.2,Kevin Durant,"SF,PF",PHO,60,34.2,0.522 (8.8/16.8),0.900 (5.9/6.6),1.9,25.3,6.5,5,0.7,1,3.1,9.27
9,12.8,Anthony Davis,"PF,C",LAL,60,33.5,0.550 (9.3/17.0),0.759 (5.3/7.0),0.3,24.3,11.2,2.8,1.1,2.1,2.1,8.59
10,15.9,Devin Booker,"SG,SF",PHO,68,35.1,0.487 (9.8/20.1),0.861 (5.3/6.1),2.3,27.2,4.9,8.3,1.1,0.4,2.6,8.25
11,14.1,Kyrie Irving,"PG,SG",DAL,62,36.4,0.476 (8.6/18.0),0.909 (4.0/4.4),2.5,23.6,4.7,6.4,1.2,0.7,2.2,7.83
12,11.3,Damian Lillard,PG,MIL,67,33.6,0.458 (7.6/16.5),0.903 (6.5/7.2),3.5,25.1,3.7,6.4,0.9,0.3,2.9,7.76
R#,ADP,PLAYER,POS,TEAM,GP,MPG,FG%,FT%,3PM,PTS,TREB,AST,STL,BLK,TO,TOTAL
13,18.1,Donovan Mitchell,"PG,SG",CLE,69,35.6,0.477 (9.8/20.5),0.860 (4.5/5.2),3.6,27.7,4.4,4.4,1.5,0.3,2.7,7.66
14,11.8,LaMelo Ball,"PG,SG",CHA,69,34.9,0.428 (7.9/18.4),0.838 (3.1/3.7),3.6,22.4,6.3,9.4,1.7,0.4,3.7,7.66
15,20.4,Jaren Jackson Jr.,"PF,C",MEM,69,30.2,0.479 (7.2/15.0),0.795 (4.1/5.1),1.8,20.2,7.3,1.2,1.1,2.7,2.1,7.22
16,17.5,Trae Young,PG,ATL,75,34.8,0.421 (7.5/17.8),0.895 (7.2/8.1),2.2,24.4,3.4,10,1.3,0.1,4.1,6.92
17,15,Domantas Sabonis,"PF,C",SAC,72,34.6,0.608 (7.4/12.2),0.743 (4.1/5.5),0.5,19.5,12.4,7.3,0.9,0.5,3,6.74
18,24.5,Desmond Bane,"SG,SF",MEM,70,32.1,0.471 (9.8/20.9),0.896 (3.0/3.4),3.4,26,5.4,4,1.2,0.4,2.2,6.69
19,26.8,Kawhi Leonard,"SG,SF",LAC,56,33.4,0.504 (8.4/16.7),0.863 (4.4/5.1),1.9,23.2,6.2,3.7,1.3,0.5,1.7,6.65
20,25,Jimmy Butler,"SF,PF",MIA,65,33.3,0.511 (7.0/13.6),0.859 (6.9/8.0),0.5,21.3,5.7,5,1.6,0.4,1.8,6.63
21,6.4,Giannis Antetokounmpo,"PF,C",MIL,65,32,0.565 (9.7/17.1),0.683 (8.0/11.8),0.9,28.3,11.6,5.7,1.1,1,3.4,6.47
22,57.1,Tyrese Maxey,"PG,SG",PHI,70,34.2,0.487 (9.2/18.8),0.856 (3.3/3.8),3.3,24.9,4.7,5.8,0.9,0.3,1.4,6.45
23,43.1,Kristaps Porzingis,"PF,C",BOS,60,31.1,0.479 (7.0/14.5),0.862 (4.3/5.0),2,20.2,7.9,2.1,0.8,1.5,1.8,6.17
24,24.2,Karl-Anthony Towns,"PF,C",MIN,70,32.9,0.498 (7.5/15.0),0.849 (4.4/5.2),2.1,21.4,8.5,4.6,0.7,0.7,2.8,6.17
R#,ADP,PLAYER,POS,TEAM,GP,MPG,FG%,FT%,3PM,PTS,TREB,AST,STL,BLK,TO,TOTAL
25,47.8,Chet Holmgren,"PF,C",OKC,64,29.7,0.540 (6.2/11.5),0.777 (3.1/4.0),1.5,17,8.2,2,0.8,2,1.2,6.16
26,19.5,Mikal Bridges,"SG,SF",BKN,80,35.6,0.475 (9.1/19.2),0.880 (4.7/5.4),2.4,25.4,4.6,3.4,1.1,0.6,1.8,6.1
27,26.6,Lauri Markkanen,"SF,PF",UTA,66,33.4,0.489 (8.0/16.4),0.870 (5.0/5.7),2.9,23.9,8,1.9,0.7,0.6,1.9,6.09
28,31.3,James Harden,"PG,SG",LAC,58,35.2,0.424 (5.8/13.6),0.863 (5.8/6.7),2.4,19.8,5.5,9,1.1,0.4,3.7,6.08
29,50.5,Scottie Barnes,"SF,PF",TOR,76,35.5,0.480 (7.9/16.4),0.792 (3.3/4.2),1.4,20.5,8.9,5.8,1.1,1,2.1,5.87
30,14.8,Anthony Edwards,"SG,SF",MIN,76,35.8,0.464 (9.2/19.9),0.769 (4.3/5.6),3,25.8,5.7,4.8,1.6,0.7,3.2,5.86
31,31.4,Paul George,"SG,SF,PF",LAC,60,34.6,0.443 (8.0/18.1),0.867 (4.2/4.9),2.8,23,6.1,5,1.5,0.4,3.3,5.71
32,25.3,Victor Wembanyama,"PF,C",SA,65,30,0.458 (7.2/15.8),0.783 (3.6/4.6),1.1,19.2,9,2.6,0.7,2.4,1.8,5.37
33,32.1,Bam Adebayo,C,MIA,72,34.1,0.536 (7.9/14.7),0.803 (4.5/5.6),0,20.2,9.8,3.5,1.3,0.8,2.6,5.33
34,37.5,Myles Turner,C,IND,64,29.5,0.534 (5.9/11.0),0.774 (2.9/3.7),1.5,16.1,7.4,1.3,0.6,2.3,1.5,5.3
35,46.7,DeMar DeRozan,"SG,SF",CHI,74,35.8,0.504 (9.1/18.0),0.870 (6.0/6.9),0.6,24.7,4.6,4.9,1,0.4,2.1,5.09
36,40.3,Darius Garland,PG,CLE,69,35.6,0.462 (7.8/17.0),0.877 (3.6/4.1),2.5,21.8,3,7.8,1.2,0.1,3,4.99
R#,ADP,PLAYER,POS,TEAM,GP,MPG,FG%,FT%,3PM,PTS,TREB,AST,STL,BLK,TO,TOTAL
37,29,Fred VanVleet,PG,HOU,67,34.2,0.400 (6.1/15.3),0.888 (3.1/3.5),3.1,18.4,3.9,6.4,1.6,0.5,2.1,4.8
38,24.8,LeBron James,"SF,PF",LAL,56,32,0.502 (9.5/19.0),0.761 (3.9/5.2),2.2,25.1,7.1,5.6,0.8,0.5,2.9,4.46
39,37.5,Jalen Brunson,PG,NY,72,34.9,0.492 (9.0/18.3),0.832 (4.2/5.0),2,24.2,3.7,6.5,1,0.2,2.2,4.31
40,50.3,Zach LaVine,"SG,SF",CHI,74,35.6,0.481 (8.7/18.2),0.850 (4.8/5.7),2.6,24.9,4.4,4.3,0.8,0.3,2.6,4.28
41,33.6,Dejounte Murray,"PG,SG",ATL,74,34.8,0.476 (8.8/18.5),0.820 (2.0/2.5),1.6,21.2,5.9,6.1,1.4,0.3,2.1,4.25
42,35.1,Cade Cunningham,"PG,SG",DET,65,33.8,0.428 (8.5/19.8),0.838 (3.2/3.8),1.8,22,5.4,7.6,1.3,0.7,3.3,4.19
43,68.9,Tyler Herro,"PG,SG",MIA,67,36,0.452 (8.7/19.3),0.895 (3.0/3.3),3.2,23.6,5.7,4.5,0.8,0.2,2.8,3.95
44,41.2,Jamal Murray,"PG,SG",DEN,60,33.3,0.466 (7.8/16.6),0.833 (2.8/3.4),2.7,21.1,4.1,6.3,1,0.3,2.3,3.85
45,50.9,OG Anunoby,"SG,SF",TOR,68,33.9,0.465 (7.3/15.7),0.809 (2.0/2.5),2.2,18.8,5.1,2.7,1.7,0.7,1.8,3.82
46,37.8,De'Aaron Fox,PG,SAC,70,33.5,0.496 (9.4/18.9),0.774 (4.7/6.1),1.6,25.1,4.2,6.1,1.2,0.4,2.7,3.77
47,49.4,Deandre Ayton,C,POR,69,31.6,0.546 (6.6/12.0),0.796 (2.2/2.8),0.1,15.5,11.1,1.7,1,1,1.8,3.7
48,47.4,Nikola Vucevic,C,CHI,74,33,0.490 (7.2/14.8),0.806 (1.5/1.8),1.5,17.4,11,3.2,0.7,0.7,1.8,3.64
R#,ADP,PLAYER,POS,TEAM,GP,MPG,FG%,FT%,3PM,PTS,TREB,AST,STL,BLK,TO,TOTAL
49,35.8,Jaylen Brown,"SG,SF",BOS,69,35.6,0.494 (9.4/19.0),0.770 (3.7/4.8),2.4,24.8,6.3,3.4,1.1,0.3,2.7,3.51
50,60.5,Alperen Sengün,C,HOU,74,30.1,0.556 (7.2/13.0),0.697 (3.0/4.3),0.5,18,9,5.5,0.8,1,2.8,3.51
51,93.3,Jalen Duren,C,DET,70,30.2,0.630 (5.7/9.0),0.611 (1.7/2.9),0,13.1,11.8,1.4,0.8,1.7,1.7,3.33
52,52.3,Brandon Ingram,"SG,SF,PF",NO,60,34.2,0.472 (8.3/17.7),0.851 (4.9/5.8),1.3,23,5.5,5.5,0.7,0.4,2.9,3.32
53,60.6,Bradley Beal,"PG,SG",PHO,62,33.6,0.478 (7.6/16.0),0.838 (3.9/4.7),1.6,20.8,4.2,5.7,0.9,0.5,3.1,3.11
54,119.2,De'Anthony Melton,"PG,SG",PHI,72,30.9,0.427 (4.5/10.4),0.779 (1.3/1.6),2.4,12.6,4.8,5.1,1.7,0.6,1.7,3.06
55,66.6,Franz Wagner,"SG,SF,PF",ORL,78,33.1,0.486 (6.8/13.9),0.860 (3.6/4.2),1.7,18.8,4.6,3.6,1.1,0.3,2,3
56,67.5,Anfernee Simons,"PG,SG",POR,47,35,0.441 (8.3/18.9),0.891 (2.9/3.2),3.7,23.2,2.9,5.4,0.7,0.2,2.2,2.99
57,41.7,Evan Mobley,"PF,C",CLE,76,34.6,0.521 (6.5/12.5),0.682 (2.7/4.0),0.3,16,9.3,2.9,0.9,1.8,1.9,2.97
58,54,Nicolas Claxton,C,BKN,75,30,0.656 (5.0/7.5),0.572 (1.7/2.9),0,11.6,8.8,1.7,0.8,2.3,1.2,2.95
59,77.6,Ja Morant,PG,MEM,48,32.1,0.474 (9.6/20.2),0.754 (5.8/7.7),1.5,26.5,5.8,7.1,1.1,0.3,3.4,2.9
60,42.5,Jrue Holiday,"PG,SG",BOS,67,32.4,0.459 (5.3/11.6),0.808 (2.2/2.7),2,14.8,6.1,5.1,1.4,0.4,2.8,2.81
R#,ADP,PLAYER,POS,TEAM,GP,MPG,FG%,FT%,3PM,PTS,TREB,AST,STL,BLK,TO,TOTAL
61,104.4,Onyeka Okongwu,C,ATL,76,26,0.655 (4.4/6.7),0.763 (2.2/2.8),0,11,8,1.2,0.8,1.5,1.2,2.79
62,90.4,Tobias Harris,"SF,PF",PHI,73,33.9,0.496 (7.7/15.5),0.856 (1.9/2.2),1.5,18.8,6.7,2.9,0.8,0.6,1.4,2.78
63,69,Devin Vassell,"SG,SF",SA,60,32,0.433 (6.5/15.1),0.823 (2.4/2.9),2.9,18.3,4.3,3.8,1.2,0.6,1.2,2.77
64,65.7,Jalen Williams,"SG,SF,PF",OKC,74,31.9,0.521 (5.9/11.2),0.811 (2.2/2.7),1,15,4.8,3.5,1.5,0.5,1.7,2.62
65,92.3,Mark Williams,C,CHA,70,28.4,0.637 (5.2/8.2),0.692 (2.2/3.2),0,12.6,9.9,0.6,0.9,1.4,1.3,2.5
66,134.9,Herbert Jones,"SF,PF",NO,69,32,0.473 (4.3/9.1),0.804 (2.2/2.8),1,11.8,4.8,2.8,1.7,1,1.6,2.35
67,100.8,Daniel Gafford,"PF,C",WAS,76,27,0.712 (5.0/7.0),0.690 (2.0/2.9),0,11.9,7.3,1.3,0.5,1.6,1.3,2.08
68,70.3,Cameron Johnson,"SF,PF",BKN,65,30,0.464 (5.2/11.2),0.848 (2.1/2.4),2.8,15.2,4.7,1.8,1.2,0.3,0.9,2.06
69,79.5,Terry Rozier,"PG,SG",CHA,68,33.2,0.430 (7.3/16.9),0.827 (2.4/2.8),2.8,19.6,4.1,4.6,1.2,0.3,1.7,2.06
70,,Dereck Lively II,C,DAL,65,26.1,0.620 (4.9/7.8),0.636 (1.0/1.6),0,10.8,8.2,2,0.7,1.5,1.1,2.06
71,94.7,Markelle Fultz,"PG,SG",ORL,60,29.6,0.506 (6.0/11.9),0.790 (1.9/2.4),0.4,14.4,4,6.2,1.5,0.4,2.5,2.02
72,29.2,Pascal Siakam,"PF,C",TOR,70,35,0.470 (7.6/16.2),0.770 (4.1/5.4),1.1,20.4,7.2,5.2,1,0.5,2.2,1.97
R#,ADP,PLAYER,POS,TEAM,GP,MPG,FG%,FT%,3PM,PTS,TREB,AST,STL,BLK,TO,TOTAL
73,132.5,Ausar Thompson,"SG,SF",DET,72,30.1,0.410 (4.6/11.1),0.776 (2.5/3.3),0.5,12.1,8.4,4,1.1,1.7,1.9,1.94
74,64.7,Rudy Gobert,C,MIN,68,30.6,0.685 (5.0/7.2),0.669 (3.6/5.4),0,13.5,11.5,1.1,0.7,1.4,1.7,1.9
75,72.7,Chris Paul,PG,GS,60,28.8,0.455 (5.0/10.9),0.835 (2.0/2.4),1.3,13.3,3.6,7.5,1.2,0.3,1.8,1.84
76,80.7,Tyus Jones,PG,WAS,72,30,0.443 (5.2/11.7),0.805 (1.2/1.5),1.9,13.5,3.5,7.4,1.4,0.1,1.1,1.77
77,51.8,Walker Kessler,C,UTA,64,26,0.721 (4.2/5.9),0.513 (1.2/2.3),0,9.7,8.9,1,0.4,2.4,0.8,1.75
78,82.3,Khris Middleton,"SF,PF",MIL,59,29,0.447 (5.9/13.1),0.896 (2.9/3.2),1.9,16.5,4.6,3.9,1,0.3,2.2,1.73
79,88.8,Austin Reaves,"SG,SF",LAL,71,32.6,0.501 (5.0/10.0),0.856 (3.9/4.5),1.6,15.4,3.3,3.8,0.7,0.5,1.6,1.67
80,99.8,D'Angelo Russell,"PG,SG",LAL,70,30.2,0.440 (5.9/13.3),0.826 (2.6/3.2),2.6,16.9,3,6.2,0.9,0.4,2.4,1.64
81,128.1,P.J. Washington,PF,CHA,72,31.2,0.459 (6.3/13.8),0.729 (1.5/2.0),2,16.1,5.4,2.5,1,1.1,1.5,1.52
82,81.7,Kyle Kuzma,"SF,PF",WAS,65,35.1,0.445 (8.3/18.6),0.723 (2.9/4.0),2.6,22.1,8.1,3.8,0.7,0.8,3.2,1.49
83,103.2,John Collins,PF,UTA,70,30,0.517 (5.6/10.8),0.798 (2.2/2.8),1.1,14.4,7.1,1.5,0.6,1,1.1,1.46
84,110.8,Zach Collins,"PF,C",SA,66,27.7,0.507 (5.0/9.9),0.772 (2.2/2.9),1,13.2,7.4,3.4,0.7,1,2.5,1.44
R#,ADP,PLAYER,POS,TEAM,GP,MPG,FG%,FT%,3PM,PTS,TREB,AST,STL,BLK,TO,TOTAL
85,77.4,Clint Capela,C,ATL,68,26.3,0.631 (5.1/8.0),0.573 (1.2/2.1),0,11.4,11.2,1.1,0.7,1.2,0.7,1.44
86,82.7,CJ McCollum,"PG,SG",NO,62,34.7,0.448 (7.8/17.5),0.732 (2.1/2.8),2.7,20.5,4.2,5.2,1,0.4,2.2,1.42
87,87.3,Derrick White,"PG,SG",BOS,77,29.1,0.451 (4.5/9.9),0.870 (2.4/2.8),1.7,13,3.6,4,0.8,0.9,1.4,1.36
88,144.6,Jalen Johnson,"SF,PF",ATL,72,29.2,0.526 (6.0/11.5),0.634 (1.4/2.3),0.9,14.4,7.5,2.3,1.1,1,1.3,1.36
89,57.2,Jarrett Allen,C,CLE,60,28,0.660 (5.0/7.6),0.719 (2.1/3.0),0,12.1,8.4,1.3,0.6,1,1.2,1.34
90,99.3,Mitchell Robinson,C,NY,68,26.9,0.711 (3.6/5.0),0.485 (1.2/2.4),0,8.3,11.3,0.7,0.9,1.8,0.8,1.29
91,118.3,Trey Murphy III,"SF,PF",NO,60,30,0.461 (4.6/9.9),0.896 (2.0/2.2),2.5,13.6,3.9,1.4,1,0.5,0.7,1.25
92,81.7,Jakob Poeltl,C,TOR,70,27,0.623 (5.6/9.0),0.549 (1.5/2.7),0,12.8,9.1,2.7,0.8,1.4,1.7,1.2
93,58.9,Josh Giddey,"SG,SF,PF",OKC,74,30.1,0.478 (7.1/14.8),0.723 (1.2/1.7),1,16.3,7.6,6.1,0.8,0.4,2.9,1.18
94,135.2,Dennis Schröder,PG,TOR,70,33,0.434 (5.2/12.0),0.855 (3.4/3.9),1.4,15.2,3.4,7.3,0.9,0.2,2.3,1.13
95,74.7,Jerami Grant,PF,POR,65,32,0.465 (6.1/13.0),0.818 (3.9/4.7),1.9,17.9,4,2.2,0.8,0.8,1.7,1.13
96,83.1,Michael Porter Jr.,SF,DEN,65,30.2,0.472 (6.4/13.6),0.780 (1.5/1.9),2.9,17.3,5.9,1.2,0.7,0.5,1.2,1.05
R#,ADP,PLAYER,POS,TEAM,GP,MPG,FG%,FT%,3PM,PTS,TREB,AST,STL,BLK,TO,TOTAL
97,120.8,Ben Simmons,"PG,SG,PF",BKN,50,29.3,0.554 (4.5/8.1),0.436 (0.7/1.6),0,9.7,7.2,7,1.5,0.7,2.7,0.98
98,92.1,Jabari Smith Jr.,"PF,C",HOU,79,32.2,0.438 (5.9/13.6),0.788 (2.5/3.2),1.7,16.1,8,1.4,0.6,1.2,1.5,0.97
99,106.6,Miles Bridges,"SF,PF",CHA,40,28.4,0.484 (5.8/11.9),0.799 (2.6/3.3),1.5,15.7,5.5,3,0.7,0.7,1.5,0.95
100,95,Draymond Green,"PF,C",GS,55,31.3,0.527 (3.4/6.4),0.688 (1.2/1.7),0.5,8.4,7.5,6,1,0.7,3,0.94
101,,Robert Covington,"SF,PF",PHI,63,26.2,0.427 (3.0/6.9),0.824 (0.8/1.0),1.7,8.5,5.3,1.4,1.4,1.1,1,0.94
102,53.8,Zion Williamson,"PF,C",NO,52,33.1,0.565 (9.0/16.0),0.665 (4.9/7.4),0.2,23.2,6.8,4.5,1,0.5,3.4,0.92
103,83,Buddy Hield,"SG,SF",IND,76,28,0.447 (5.4/12.1),0.848 (1.2/1.5),3.1,15.2,4.3,2.6,0.9,0.3,1.7,0.86
104,103.8,Jusuf Nurkic,C,PHO,54,26.5,0.541 (4.5/8.4),0.691 (2.2/3.2),0.5,11.7,8.1,3.3,0.9,1,1.6,0.8
105,104.5,Keegan Murray,"SF,PF",SAC,78,31,0.465 (5.1/11.0),0.780 (1.1/1.4),2.7,14,4.9,1.3,0.9,0.6,0.9,0.77
106,57.6,Paolo Banchero,"SF,PF",ORL,72,34,0.443 (7.3/16.5),0.752 (5.6/7.5),1.3,21.5,7.5,4,1,0.7,2.8,0.74
107,,Moritz Wagner,C,ORL,60,27.5,0.498 (5.0/10.1),0.823 (3.3/4.0),1.5,14.8,6.6,2.2,0.7,0.3,1.6,0.73
108,137.8,Immanuel Quickley,"PG,SG",NY,76,28.6,0.448 (5.2/11.6),0.847 (2.7/3.1),2.1,15.2,4.1,3.9,1,0.1,1.4,0.7
R#,ADP,PLAYER,POS,TEAM,GP,MPG,FG%,FT%,3PM,PTS,TREB,AST,STL,BLK,TO,TOTAL
109,120.2,Ivica Zubac,C,LAC,76,27.5,0.630 (4.4/7.0),0.713 (2.3/3.2),0,11.1,9.7,1.4,0.5,1.2,1.6,0.69
110,113.5,Bobby Portis,"PF,C",MIL,71,27.2,0.487 (5.8/12.0),0.759 (1.3/1.7),1.6,14.6,9.5,1.4,0.6,0.5,1.2,0.63
111,96.7,Scoot Henderson,PG,POR,72,30.5,0.442 (6.5/14.6),0.797 (2.1/2.6),1.5,16.4,5.1,5.8,1.1,0.3,3.4,0.62
112,119.8,Bruce Brown,"PG,SG,SF",IND,70,29.8,0.488 (4.6/9.4),0.756 (1.6/2.1),1,11.7,5,3.1,1.2,0.8,1.3,0.61
113,127.6,Mike Conley,PG,MIN,68,29.4,0.432 (4.2/9.7),0.813 (1.9/2.3),2.1,12.4,2.8,6,1.1,0.2,1.6,0.51
114,86.7,Marcus Smart,PG,MEM,67,31.8,0.417 (4.2/10.0),0.777 (1.7/2.2),1.8,11.8,3.5,5.3,1.6,0.3,2.3,0.42
115,69.7,Brook Lopez,C,MIL,72,29.7,0.468 (4.7/10.0),0.783 (1.3/1.6),1.5,12.2,5.9,1,0.4,1.5,1.2,0.35
116,97.1,Jonas Valanciunas,C,NO,74,25.4,0.546 (5.2/9.5),0.823 (1.9/2.3),0.5,12.8,9,1.8,0.3,0.6,1.8,0.33
117,141.9,Dillon Brooks,"SG,SF",HOU,70,31.4,0.458 (6.2/13.5),0.841 (2.2/2.6),1.9,16.5,3.5,2.6,1.1,0.2,1.4,0.21
118,141.7,Jeremy Sochan,"PG,PF",SA,69,33.8,0.456 (5.2/11.3),0.766 (1.9/2.5),0.8,13,6.1,4.9,1.1,0.6,2.6,0.18
119,143.8,Grant Williams,PF,DAL,72,32,0.494 (4.6/9.4),0.769 (1.5/2.0),2.6,13.4,4.6,1.5,0.6,0.6,1,0.17
120,141.5,Naz Reid,"PF,C",MIN,72,22.4,0.516 (4.9/9.5),0.726 (1.8/2.5),1.2,12.8,5.7,1.3,0.7,1.1,1.6,0.14
R#,ADP,PLAYER,POS,TEAM,GP,MPG,FG%,FT%,3PM,PTS,TREB,AST,STL,BLK,TO,TOTAL
121,139.6,Kentavious Caldwell-Pope,"SG,SF",DEN,76,31.1,0.450 (4.4/9.7),0.839 (1.6/1.9),1.8,12.1,3.1,2.2,1.4,0.4,1.2,0.1
122,129,Kevin Huerter,"SG,SF",SAC,74,30,0.470 (5.3/11.2),0.754 (1.0/1.3),2.5,14,3.5,2.9,0.9,0.4,1.3,0.1
123,75.4,Klay Thompson,"SG,SF",GS,68,31.4,0.426 (7.0/16.4),0.885 (1.5/1.7),3.3,18.8,3.7,2.3,0.6,0.4,1.5,0.08
124,141.5,Cam Thomas,"SG,SF",BKN,60,32.1,0.462 (9.3/20.2),0.857 (4.3/5.0),1.8,24.7,3.4,1.5,0.5,0.1,1.1,0.04
125,112.7,Jaden McDaniels,"SF,PF",MIN,74,30.8,0.492 (4.6/9.4),0.755 (1.2/1.6),1.4,11.8,4.4,1.7,0.9,1,1.4,0.02
126,146.4,Kyle Anderson,"SF,PF",MIN,69,25.8,0.497 (3.7/7.3),0.694 (1.3/1.8),0.6,9.2,5.6,3.9,1.1,0.8,1.3,0
127,106.1,Tre Jones,PG,SA,69,28.2,0.468 (4.6/9.8),0.832 (2.0/2.4),0.5,11.6,3.6,6.2,1.2,0.1,1.4,-0.05
128,146,Tari Eason,"SF,PF",HOU,78,25.3,0.454 (4.5/9.8),0.753 (1.6/2.2),0.9,11.4,7.4,1.3,1.3,0.7,1.5,-0.1
129,146.3,Gordon Hayward,SF,CHA,58,31.4,0.469 (5.7/12.1),0.805 (2.2/2.7),1.6,15.1,4.3,3.2,1,0.2,1.8,-0.13
130,114,Jordan Clarkson,"PG,SG",UTA,68,31,0.431 (7.0/16.3),0.821 (2.6/3.2),2.6,19.2,3.9,3.5,0.8,0.2,2.4,-0.23
131,144,Jarred Vanderbilt,PF,LAL,76,26.4,0.564 (3.3/5.8),0.675 (1.3/1.9),0.2,8,8.6,2,1.3,0.5,1.2,-0.28
132,,Delon Wright,"PG,SG",WAS,68,24,0.465 (2.4/5.1),0.857 (1.0/1.1),0.8,6.5,3.6,3.5,1.6,0.3,0.8,-0.36
R#,ADP,PLAYER,POS,TEAM,GP,MPG,FG%,FT%,3PM,PTS,TREB,AST,STL,BLK,TO,TOTAL
133,94.1,Robert Williams III,C,POR,12,20.4,0.709 (3.0/4.2),0.649 (0.6/1.0),0,6.5,6.6,1.8,0.5,1.2,0.7,-0.38
134,118.4,Aaron Gordon,PF,DEN,70,31.3,0.541 (6.2/11.4),0.665 (2.6/3.9),1.1,16,6.3,2.8,0.7,0.7,1.7,-0.4
135,145.3,Paul Reed,"PF,C",PHI,69,20.2,0.568 (3.7/6.6),0.717 (0.9/1.3),0.1,8.4,5.9,1.2,1,1.1,1.2,-0.4
136,140.7,Bogdan Bogdanovic,"SG,SF,PF",ATL,52,26.8,0.438 (5.0/11.3),0.839 (1.3/1.6),2.5,13.8,3.4,2.8,0.9,0.3,1.1,-0.47
137,122.1,Keldon Johnson,"SG,SF",SA,70,32.9,0.464 (7.4/16.0),0.756 (3.4/4.5),2.1,20.4,5.3,2.5,0.8,0.2,1.6,-0.49
138,131.8,Malcolm Brogdon,"PG,SG",POR,51,26.7,0.465 (4.8/10.4),0.866 (2.5/2.8),1.5,13.6,3.8,3.7,0.6,0.3,1.4,-0.51
139,106.1,Spencer Dinwiddie,"PG,SG",BKN,73,30.5,0.429 (5.1/11.9),0.794 (3.1/3.9),1.9,15.1,3.7,5.6,0.7,0.3,1.7,-0.51
140,151.4,Josh Richardson,SG,MIA,65,27.5,0.435 (4.2/9.7),0.869 (1.5/1.7),1.9,11.7,3.2,2.6,1.1,0.4,1.4,-0.53
141,119.8,Bojan Bogdanovic,"SG,SF",DET,48,27.4,0.471 (5.8/12.3),0.872 (3.3/3.8),2.2,17.1,3.5,1.8,0.5,0.1,1.7,-0.55
142,147.1,Deni Avdija,"SF,PF",WAS,78,28,0.456 (4.5/9.9),0.746 (1.7/2.3),1.1,11.9,6.9,2.9,0.9,0.6,1.6,-0.56
143,138.9,Coby White,"PG,SG",CHI,72,30.2,0.438 (4.8/10.9),0.873 (1.2/1.4),2.3,13.2,3.5,4.1,0.7,0.1,1.3,-0.56
144,146,Kyle Lowry,PG,MIA,60,26.2,0.425 (3.3/7.7),0.858 (1.8/2.1),1.7,10,3.5,5.2,0.9,0.3,1.9,-0.58
R#,ADP,PLAYER,POS,TEAM,GP,MPG,FG%,FT%,3PM,PTS,TREB,AST,STL,BLK,TO,TOTAL
145,144.2,Caleb Martin,"SG,SF",MIA,70,29.6,0.482 (4.0/8.3),0.782 (1.4/1.8),1.3,10.7,5,1.6,1.1,0.5,1.1,-0.58
146,140.9,Donte DiVincenzo,"SG,SF",NY,70,25.1,0.426 (3.1/7.3),0.830 (1.1/1.4),2,9.3,4.3,3.2,1.3,0.2,1.6,-0.62
147,146.4,Cole Anthony,PG,ORL,64,25,0.439 (4.4/10.1),0.872 (2.6/3.0),1.5,12.9,4.5,4,0.6,0.3,1.8,-0.65
148,124.9,Josh Hart,"SG,SF",NY,74,28,0.437 (3.1/7.0),0.757 (1.1/1.4),0.9,8.1,6.5,3.4,1.2,0.5,1.5,-0.65
149,104.5,Wendell Carter Jr.,C,ORL,50,27.9,0.524 (5.1/9.6),0.715 (2.1/3.0),1.1,13.3,8,1.9,0.5,0.6,1.7,-0.67
150,144.5,Matisse Thybulle,"SG,SF",POR,72,26,0.463 (2.5/5.3),0.738 (0.5/0.7),1.1,6.6,2.7,1.2,1.6,0.9,0.6,-0.68
151,149,Jevon Carter,"PG,SG",CHI,72,28.4,0.424 (3.7/8.6),0.831 (0.5/0.6),2.2,10,3.3,3.8,1,0.5,1.2,-0.68
152,132.1,Brandon Miller,SF,CHA,72,30,0.433 (5.4/12.6),0.836 (1.9/2.3),2.2,15,4.8,2,0.8,0.3,1.4,-0.71
153,143.4,Harrison Barnes,"SF,PF",SAC,78,31.3,0.471 (4.6/9.7),0.836 (4.1/4.9),1.6,14.9,4.8,1.5,0.7,0.1,1.2,-0.73
154,140.7,Alex Caruso,"PG,SG",CHI,64,25.1,0.428 (2.2/5.1),0.801 (1.1/1.4),0.9,6.3,3.2,3.3,1.6,0.6,1.3,-0.78
155,,Goga Bitadze,C,ORL,30,26.4,0.530 (4.1/7.7),0.639 (1.8/2.8),0.6,10.5,6.4,1.9,0.8,1.3,1.4,-0.79
156,,Drew Eubanks,C,PHO,70,20.4,0.618 (3.1/5.0),0.710 (1.3/1.8),0.1,7.6,5.7,1.3,0.5,1.4,1.1,-0.89
R#,ADP,PLAYER,POS,TEAM,GP,MPG,FG%,FT%,3PM,PTS,TREB,AST,STL,BLK,TO,TOTAL
157,,Dorian Finney-Smith,"SF,PF,C",BKN,69,29.1,0.458 (3.9/8.6),0.744 (0.6/0.9),2.4,10.9,4.2,1.5,0.9,0.5,0.9,-0.93
158,135.7,Obi Toppin,PF,IND,70,27.3,0.483 (5.2/10.9),0.810 (1.6/2.0),1.4,13.5,5.1,1.5,0.6,0.5,1.1,-1.03
159,142.3,Xavier Tillman Sr.,"PF,C",MEM,68,28,0.486 (5.0/10.4),0.626 (1.4/2.2),0.2,11.6,6.8,2.3,1.4,0.6,1.1,-1.05
160,143.6,Luguentz Dort,"SG,SF",OKC,72,30,0.433 (4.7/10.9),0.803 (2.8/3.5),2,14.3,4.3,1.9,0.9,0.3,1.4,-1.08
161,53.4,Julius Randle,PF,NY,74,35.4,0.405 (7.1/17.5),0.710 (3.8/5.3),2,20,10,4.7,0.7,0.4,3.1,-1.1
162,128.4,Al Horford,"PF,C",BOS,58,24.1,0.471 (3.1/6.5),0.764 (0.6/0.7),1.1,7.8,5.7,2.6,0.5,0.9,0.6,-1.1
163,143.9,Caris LeVert,"SG,SF",CLE,67,30.6,0.447 (6.3/14.0),0.741 (2.1/2.8),1.6,16.2,3.8,4,0.9,0.4,1.7,-1.16
164,145.5,Malik Monk,"SG,SF",SAC,76,24,0.442 (4.8/10.9),0.856 (1.6/1.9),2,13.3,2.7,4,0.6,0.3,1.5,-1.21
165,142.2,Kelly Oubre Jr.,SF,PHI,28,25,0.458 (5.2/11.3),0.814 (2.6/3.2),1.9,14.8,3.2,0.9,1,0.3,0.9,-1.21
166,114.1,Gary Trent Jr.,"PG,SG",TOR,65,26,0.423 (4.9/11.6),0.847 (2.0/2.4),2.2,14,2.1,1.4,1.3,0.2,0.7,-1.21
167,,Malik Beasley,"SG,SF",MIL,72,29.1,0.419 (5.1/12.1),0.800 (0.7/0.9),3.4,14.3,3.7,1.7,0.8,0.2,1,-1.21
168,142.2,Santi Aldama,"PF,C",MEM,75,27.1,0.457 (4.2/9.1),0.725 (1.8/2.4),1.4,11.5,6.4,1.6,0.7,0.8,1.1,-1.24
R#,ADP,PLAYER,POS,TEAM,GP,MPG,FG%,FT%,3PM,PTS,TREB,AST,STL,BLK,TO,TOTAL
169,47.5,Jordan Poole,"PG,SG",WAS,78,30.5,0.404 (6.1/15.0),0.791 (2.1/2.7),2.3,16.6,3.5,4.5,1,0.3,3.1,-1.31
170,,Isaiah Hartenstein,C,NY,76,19.9,0.584 (2.9/4.9),0.681 (1.0/1.4),0.2,6.9,6.1,1.9,0.7,1,1.1,-1.32
171,145.2,Jonathan Isaac,"SF,PF",ORL,30,21.9,0.428 (3.8/8.8),0.558 (0.9/1.5),1,9.4,7.5,1,1.5,0.7,0.7,-1.38
172,,Nicolas Batum,"SF,PF",PHI,37,24.2,0.478 (2.8/5.8),0.688 (0.4/0.6),1.8,7.7,4.2,1.7,0.9,0.6,0.7,-1.41
173,76.4,Jalen Green,"PG,SG",HOU,74,33.1,0.420 (6.8/16.3),0.789 (3.9/4.9),2.4,20,3.6,3.2,0.7,0.3,2.4,-1.41
174,,Jordan Hawkins,SG,NO,72,27.4,0.431 (3.9/9.0),0.838 (1.4/1.7),2.6,11.7,4,1.6,0.8,0.1,0.7,-1.45
175,136.9,Kevon Looney,"PF,C",GS,80,23.7,0.603 (3.0/4.9),0.603 (1.1/1.8),0,7,9,2.4,0.7,0.7,0.7,-1.48
176,,Killian Hayes,"PG,SG",DET,65,28.3,0.426 (4.2/10.0),0.806 (1.0/1.2),0.8,10.3,2.9,5,1.2,0.4,1.9,-1.5
177,,Jae Crowder,"SF,PF",MIL,67,23.2,0.443 (2.9/6.6),0.794 (0.9/1.1),1.6,8.3,4.4,1.6,1.1,0.4,0.7,-1.58
178,150,Quentin Grimes,"SG,SF",NY,70,29.1,0.450 (3.8/8.5),0.780 (0.9/1.2),2.3,10.9,3.3,2,0.8,0.4,1,-1.58
179,,Brandon Clarke,"PF,C",MEM,8,18.1,0.649 (4.1/6.2),0.689 (1.4/2.1),0.1,9.6,5.1,1.2,0.6,0.8,0.7,-1.58
180,140.1,Patrick Williams,PF,CHI,72,26.3,0.472 (3.5/7.5),0.849 (1.2/1.4),1.2,9.5,3.8,1.1,0.8,0.8,1.1,-1.59
R#,ADP,PLAYER,POS,TEAM,GP,MPG,FG%,FT%,3PM,PTS,TREB,AST,STL,BLK,TO,TOTAL
181,,Skylar Mays,SG,POR,40,27.4,0.421 (5.3/12.7),0.855 (1.9/2.2),1.4,13.9,1.4,5.5,1.1,0,1.4,-1.63
182,144.7,Saddiq Bey,"SF,PF",ATL,78,27.5,0.420 (4.1/9.7),0.843 (2.3/2.7),2,12.4,4.4,1.9,0.8,0.2,0.9,-1.7
183,141.9,Jalen Suggs,"PG,SG",ORL,56,28.3,0.401 (4.3/10.6),0.751 (2.4/3.1),1.2,12.1,3.7,4,1.4,0.5,2.6,-1.7
184,,Nick Richards,C,CHA,70,21.1,0.638 (3.3/5.1),0.740 (2.1/2.9),0,8.7,6.4,0.7,0.3,1.2,1.1,-1.75
185,146,Corey Kispert,"SG,SF",WAS,74,28.3,0.493 (4.0/8.1),0.864 (1.0/1.1),2.3,11.2,3.1,1.3,0.5,0.2,0.8,-1.83
186,122.3,Shaedon Sharpe,"SG,SF",POR,78,32,0.445 (7.0/15.8),0.735 (1.9/2.6),2.1,18,4.3,1.7,0.7,0.4,1.5,-1.84
187,140.3,Isaiah Stewart,"PF,C",DET,70,28.1,0.447 (3.9/8.7),0.730 (1.6/2.2),1.4,10.8,8.2,1.3,0.4,0.7,1.4,-1.89
188,142,Norman Powell,"SG,SF",LAC,60,24.1,0.470 (4.8/10.1),0.811 (3.2/3.9),1.7,14.4,2.5,1.6,0.7,0.3,1.3,-1.89
189,,Luke Kennard,"PG,SG",MEM,64,24.8,0.465 (3.7/7.9),0.911 (0.8/0.9),2.5,10.7,3,1.8,0.6,0.1,0.8,-1.9
190,142,Max Strus,"SG,SF",CLE,73,30,0.423 (4.5/10.7),0.848 (1.0/1.1),2.7,12.7,3.6,2.1,0.6,0.2,1,-1.94
191,,Pat Connaughton,"SG,SF",MIL,64,28.7,0.432 (3.4/7.9),0.759 (0.6/0.8),2.2,9.7,4.8,1.4,0.8,0.2,0.6,-2.01
192,141.8,Kelly Olynyk,"PF,C",UTA,66,18.9,0.481 (3.0/6.2),0.828 (1.9/2.3),1.1,9,4.2,2.6,0.6,0.4,1.6,-2.03
R#,ADP,PLAYER,POS,TEAM,GP,MPG,FG%,FT%,3PM,PTS,TREB,AST,STL,BLK,TO,TOTAL
193,,Gary Payton II,"PG,SG,SF",GS,70,17.7,0.613 (2.8/4.6),0.625 (0.5/0.7),0.6,6.7,3.5,1,1.3,0.3,0.6,-2.07
194,,Kris Dunn,PG,UTA,60,18,0.503 (3.2/6.4),0.818 (1.2/1.4),0.4,8,3,4.1,1,0.3,1.4,-2.11
195,,Jaime Jaquez Jr.,SF,MIA,70,24.4,0.482 (3.7/7.6),0.806 (1.3/1.6),0.8,9.4,3.9,2,1.1,0.2,1,-2.15
196,,Larry Nance Jr.,"PF,C",NO,65,21.2,0.571 (2.8/4.9),0.694 (0.8/1.2),0.3,6.8,5.3,1.8,0.9,0.5,0.7,-2.16
197,,Josh Green,"SG,SF",DAL,67,27.4,0.526 (3.6/6.9),0.736 (1.1/1.4),1.2,9.5,3.7,2,0.9,0.2,1.3,-2.18
198,,Reggie Jackson,PG,DEN,69,26.2,0.434 (4.8/11.0),0.867 (1.4/1.6),1.7,12.7,2.7,3.9,0.7,0.1,1.9,-2.18
199,141.8,Tim Hardaway Jr.,"SG,SF",DAL,69,28.4,0.423 (5.9/13.8),0.766 (1.7/2.2),2.7,16.1,3.3,1.8,0.7,0.2,0.8,-2.25
200,,Dru Smith,"PG,SG",MIA,40,18.1,0.500 (2.0/4.0),0.000 (0.0/0.0),1.3,5.3,1,2.7,1.3,0.3,0.7,-2.26
201,141.3,Terance Mann,"SG,SF",LAC,80,25.1,0.499 (3.8/7.6),0.780 (1.4/1.8),1.1,10.1,4.4,2.5,0.6,0.3,1,-2.29
202,143.7,Richaun Holmes,"PF,C",DAL,70,20.8,0.652 (3.5/5.3),0.780 (1.2/1.5),0.1,8.2,5.5,0.8,0.3,0.7,1,-2.3
203,,Maxi Kleber,"PF,C",DAL,60,25.6,0.456 (2.6/5.8),0.705 (0.8/1.1),1.3,7.4,5.3,1.3,0.5,1,0.8,-2.3
204,,Marcus Sasser,PG,DET,60,19.4,0.471 (3.8/8.0),0.815 (0.7/0.8),1.5,9.8,2,2.9,1,0.1,0.6,-2.36
R#,ADP,PLAYER,POS,TEAM,GP,MPG,FG%,FT%,3PM,PTS,TREB,AST,STL,BLK,TO,TOTAL
205,,Patrick Beverley,PG,PHI,64,23.4,0.403 (2.3/5.8),0.720 (1.0/1.4),1.2,6.9,3.5,3.4,0.9,0.7,1,-2.36
206,,Lonnie Walker IV,"SG,SF",BKN,67,23.7,0.455 (5.0/10.9),0.815 (1.7/2.1),2,13.6,2.4,1.7,0.6,0.3,1,-2.36
207,,Royce O'Neale,"SG,SF",BKN,76,28.4,0.413 (3.4/8.2),0.768 (0.5/0.7),1.6,8.9,4.2,2.6,0.8,0.5,1.1,-2.38
208,142.5,Isaiah Jackson,"PF,C",IND,67,16.5,0.563 (3.1/5.5),0.663 (1.6/2.5),0.1,7.9,4.5,0.6,0.6,1.5,1,-2.39
209,141.1,Gabe Vincent,"PG,SG",LAL,70,27.7,0.409 (3.7/9.0),0.855 (0.9/1.1),2,10.3,2.3,3.2,1,0.1,1.6,-2.39
210,121.2,Bennedict Mathurin,"SG,SF",IND,74,30,0.434 (5.3/12.1),0.829 (4.8/5.8),1.3,16.6,4.1,1.5,0.6,0.2,1.9,-2.39
211,145.2,De'Andre Hunter,"SF,PF",ATL,68,31.4,0.453 (5.4/12.0),0.797 (2.6/3.2),1.5,14.9,3.9,1.4,0.6,0.3,1.3,-2.45
212,,Alec Burks,"PG,SG,SF",DET,64,22.2,0.429 (3.0/7.0),0.819 (2.2/2.7),1.9,10,3.3,2.1,0.7,0.2,0.9,-2.48
213,,Ayo Dosunmu,SG,CHI,76,26.6,0.495 (3.6/7.2),0.800 (0.9/1.1),0.8,8.8,2.8,3,0.8,0.4,1.3,-2.57
214,,Grayson Allen,"SG,SF",PHO,70,23.4,0.430 (3.0/7.0),0.884 (1.1/1.3),2,9.1,3,1.7,0.7,0.2,0.7,-2.68
215,109.3,Russell Westbrook,PG,LAC,74,29,0.441 (5.6/12.6),0.662 (2.7/4.1),1,14.8,5.7,6.3,0.9,0.3,3.1,-2.69
216,132.7,Kevin Porter Jr.,"PG,SG",HOU,30,20.8,0.432 (3.8/8.8),0.777 (1.7/2.2),1.6,10.9,3.1,3.7,0.8,0.2,2,-2.69
R#,ADP,PLAYER,POS,TEAM,GP,MPG,FG%,FT%,3PM,PTS,TREB,AST,STL,BLK,TO,TOTAL
217,140,Amen Thompson,"SG,SF",HOU,70,26.2,0.451 (4.5/10.0),0.699 (2.7/3.9),0.5,12.2,3.7,4.4,1.1,0.5,2.1,-2.7
218,,Andrew Nembhard,"PG,SG",IND,72,26.2,0.440 (3.6/8.2),0.797 (0.6/0.8),1.2,9.1,2.5,4.4,0.9,0.2,1.6,-2.7
219,125.4,RJ Barrett,"SG,SF",NY,72,33.6,0.433 (6.9/16.0),0.750 (4.0/5.4),1.8,19.7,5.4,2.8,0.5,0.2,2.2,-2.72
220,,Jose Alvarado,PG,NO,67,20.4,0.424 (3.2/7.5),0.758 (1.0/1.3),1.1,8.5,2.3,3.3,1.3,0.2,1.2,-2.73
221,139.5,Eric Gordon,"SG,SF",PHO,60,26.5,0.460 (4.1/9.0),0.802 (1.8/2.3),1.9,11.9,1.8,2.5,0.5,0.3,1.6,-2.79
222,,Cody Martin,"SG,SF",CHA,65,23.2,0.467 (2.6/5.7),0.696 (1.0/1.4),0.8,7,3.7,2.3,1.1,0.4,0.8,-2.81
223,,Taurean Prince,"SF,PF",LAL,65,23.4,0.461 (3.5/7.6),0.795 (1.2/1.6),1.6,9.8,3,1.5,0.7,0.4,1.2,-2.81
224,,Gary Harris,"SG,SF",ORL,60,25.2,0.439 (3.3/7.5),0.881 (1.0/1.1),1.8,9.4,1.9,1.5,0.9,0.2,0.8,-2.85
225,,Charles Bassey,C,SA,60,13.8,0.642 (2.4/3.8),0.634 (0.6/1.0),0.1,5.5,5.3,1.1,0.4,1,1,-2.85
226,,Ziaire Williams,SF,MEM,60,30.1,0.443 (4.2/9.4),0.786 (0.9/1.2),1.5,10.8,4.2,1.5,0.8,0.3,1.2,-2.86
227,143.5,Keyonte George,SG,UTA,72,26,0.418 (4.9/11.6),0.809 (1.8/2.2),1.5,13,2.5,4.6,0.6,0.2,1.7,-2.91
228,,Bones Hyland,"PG,SG",LAC,67,18.7,0.401 (3.6/9.0),0.849 (1.5/1.8),2,10.7,2.6,2.9,0.6,0.3,1.3,-2.92
R#,ADP,PLAYER,POS,TEAM,GP,MPG,FG%,FT%,3PM,PTS,TREB,AST,STL,BLK,TO,TOTAL
229,142.5,Chris Boucher,PF,TOR,72,18,0.478 (3.0/6.3),0.770 (1.6/2.0),0.7,8.3,5.2,0.3,0.5,0.8,0.5,-2.96
230,,Armoni Brooks,PG,BKN,40,8.5,0.857 (3.0/3.5),0.000 (0.0/0.0),2.5,8.5,1,0,0,0,0,-2.98
231,140.9,Mason Plumlee,C,LAC,75,23.4,0.664 (3.3/4.9),0.550 (1.6/3.0),0,8.2,7.8,2.9,0.7,0.6,1.3,-3.02
232,,Christian Braun,SG,DEN,76,25.2,0.495 (3.2/6.4),0.704 (1.0/1.4),0.9,8.2,4,1.3,0.9,0.4,0.8,-3.05
233,,Jordan Goodwin,PG,PHO,72,17.8,0.445 (2.6/5.8),0.770 (0.9/1.1),0.6,6.7,3.4,2.8,1,0.4,0.9,-3.12
234,137.4,Jaden Ivey,"PG,SG",DET,74,25.6,0.426 (4.7/10.9),0.765 (3.1/4.1),1.4,13.8,3.2,4.3,0.7,0.2,2.6,-3.13
235,,Julian Champagnie,"SF,PF",SA,68,17.4,0.453 (3.7/8.2),0.832 (0.9/1.1),2.1,10.4,3.8,0.6,0.4,0.3,0.7,-3.15
236,,Isaiah Joe,"PG,SG",OKC,70,20,0.433 (3.3/7.6),0.848 (1.1/1.3),2.3,10,2.3,1.2,0.6,0.1,0.6,-3.18
237,135.5,Kevin Love,"PF,C",MIA,62,17.7,0.415 (3.0/7.3),0.848 (1.5/1.8),1.8,9.3,5.7,1.7,0.3,0.2,1,-3.28
238,,Max Christie,"SG,SF",LAL,70,23.2,0.441 (2.6/6.0),0.871 (0.7/0.9),1.4,7.4,3.9,1.1,0.7,0.4,1,-3.3
239,137.5,Jonathan Kuminga,PF,GS,72,24.4,0.519 (4.5/8.6),0.671 (2.0/3.0),0.9,11.9,4.2,1.7,0.7,0.5,1.5,-3.3
240,,Bismack Biyombo,C,MEM,44,26.1,0.500 (3.0/6.0),0.675 (1.4/2.0),0,7.4,8,2,0.2,1,2,-3.33
R#,ADP,PLAYER,POS,TEAM,GP,MPG,FG%,FT%,3PM,PTS,TREB,AST,STL,BLK,TO,TOTAL
241,144.4,Jarace Walker,PF,IND,70,26.5,0.457 (3.9/8.5),0.695 (1.7/2.5),0.9,10.4,6.7,1.1,0.4,0.8,1.4,-3.39
242,137.1,Rui Hachimura,"SF,PF",LAL,65,24.6,0.488 (4.9/10.0),0.723 (1.4/1.9),1.1,12.2,4.6,1.1,0.4,0.4,0.9,-3.39
243,147.2,Talen Horton-Tucker,"PG,SG,SF",UTA,60,22.3,0.426 (3.9/9.1),0.766 (1.8/2.3),0.8,10.4,3.2,3.2,0.8,0.5,1.6,-3.41
244,,Josh Okogie,"SG,SF",PHO,70,24.4,0.395 (2.7/6.8),0.717 (2.3/3.2),1.1,8.8,4.2,1.7,1.1,0.6,1.1,-3.49
245,,Haywood Highsmith,"SF,PF",MIA,69,22.4,0.511 (3.1/6.1),0.508 (0.3/0.7),1.3,7.9,3.7,1,0.7,0.4,0.9,-3.53
246,,Kenrich Williams,"SF,PF",OKC,50,22.2,0.490 (3.2/6.5),0.495 (0.5/0.9),0.9,7.8,4.7,2.1,0.9,0.2,0.8,-3.61
247,,Keita Bates-Diop,"SF,PF",PHO,69,20.4,0.510 (3.2/6.2),0.779 (1.4/1.8),0.6,8.4,4.1,1.2,0.6,0.3,0.9,-3.62
248,,Jaden Hardy,"PG,SG",DAL,69,19.2,0.443 (4.0/9.0),0.824 (1.8/2.2),1.7,11.5,2.4,1.8,0.5,0.2,1.3,-3.65
249,,Dominick Barlow,SF,SA,60,17.4,0.535 (2.3/4.3),0.726 (0.9/1.2),0.1,5.6,4.1,1.2,0.5,0.9,0.8,-3.65
250,,Dyson Daniels,"PG,SG",NO,69,24.7,0.428 (2.5/5.8),0.638 (0.6/0.9),0.6,6.2,4.4,3.1,1,0.3,1.3,-3.73
251,,Sam Hauser,"SF,PF",BOS,76,18.7,0.455 (2.7/5.8),0.727 (0.2/0.2),2.1,7.5,3,1.1,0.4,0.3,0.4,-3.74
252,138.5,Christian Wood,"PF,C",LAL,69,17.2,0.508 (3.5/7.0),0.690 (1.8/2.6),1,9.8,5,1.2,0.4,0.6,1.1,-3.78
R#,ADP,PLAYER,POS,TEAM,GP,MPG,FG%,FT%,3PM,PTS,TREB,AST,STL,BLK,TO,TOTAL
253,,Taylor Hendricks,PF,UTA,72,22,0.456 (3.2/7.0),0.772 (1.6/2.0),0.8,8.8,5.6,1.7,0.4,0.4,1.2,-3.78
254,,Thomas Bryant,C,MIA,60,15.2,0.594 (3.1/5.2),0.768 (1.3/1.7),0.4,7.9,4.5,0.6,0.2,0.5,0.6,-3.8
255,,AJ Griffin,"SG,SF",ATL,72,20.2,0.465 (3.6/7.8),0.897 (0.6/0.7),1.5,9.3,2.2,1.1,0.6,0.2,0.6,-3.81
256,,Anthony Black,"PG,SG",ORL,72,20,0.453 (4.0/8.9),0.717 (1.3/1.9),0.3,9.7,2.8,3.3,1.1,0.3,1.8,-3.82
257,,Aleksej Pokusevski,"PF,C",OKC,50,18,0.416 (2.8/6.6),0.675 (0.5/0.8),0.9,7,4.5,1.8,0.6,0.8,1.3,-3.88
258,,Jaden Springer,"PG,SG",PHI,58,12.1,0.500 (2.4/4.7),0.752 (0.8/1.1),0.3,5.8,2.1,1.1,0.9,0.7,0.5,-3.92
259,,Dario Saric,"PF,C",GS,67,17.8,0.458 (2.8/6.2),0.829 (1.4/1.7),1,8.1,4.6,1.7,0.5,0.2,1.2,-3.93
260,,Jalen McDaniels,"SF,PF",TOR,70,18,0.464 (2.6/5.7),0.809 (1.1/1.4),0.8,7.1,3.3,1.2,0.7,0.4,0.8,-3.95
261,,Cedi Osman,"SF,PF",SA,60,20.4,0.454 (3.7/8.0),0.684 (1.2/1.7),1.8,10.3,3,1.8,0.7,0.2,0.9,-3.95
262,90,Andrew Wiggins,"SF,PF",GS,69,26.5,0.444 (5.0/11.4),0.629 (1.4/2.3),1.3,12.8,3.8,1.8,0.7,0.6,1.2,-3.98
263,,Ricky Rubio,"PG,SG",CLE,38,18.4,0.357 (2.5/7.1),0.838 (1.4/1.7),1,7.5,2.6,4.1,0.9,0.2,1.5,-4
264,140.6,Gradey Dick,SG,TOR,72,21,0.416 (2.7/6.6),0.849 (1.1/1.3),2,8.5,2.2,1.2,0.6,0.1,0.6,-4.1
R#,ADP,PLAYER,POS,TEAM,GP,MPG,FG%,FT%,3PM,PTS,TREB,AST,STL,BLK,TO,TOTAL
265,,Eugene Omoruyi,"SF,PF",WAS,40,8.6,0.750 (3.0/4.0),0.667 (1.0/1.5),0.3,7.3,2.5,1,0.5,0.3,0.8,-4.12
266,,Matt Ryan,SF,MIN,40,23,0.417 (3.0/7.2),1.000 (0.5/0.5),2.3,8.8,2.2,1.5,0.3,0.2,1.2,-4.17
267,140.4,Marvin Bagley III,"PF,C",DET,46,18.4,0.515 (3.6/7.1),0.750 (1.3/1.7),0.4,8.9,5.2,0.6,0.4,0.4,0.7,-4.17
268,,John Konchar,"SG,SF",MEM,72,18,0.468 (1.8/3.8),0.643 (0.4/0.6),0.7,4.7,4.2,1.4,0.8,0.3,0.4,-4.18
269,,Cason Wallace,SG,OKC,66,18.1,0.436 (3.3/7.5),0.770 (1.0/1.3),0.9,8.4,2,3.1,0.8,0.2,1.3,-4.2
270,136.5,Andre Drummond,C,CHI,70,14,0.584 (2.6/4.4),0.531 (1.0/1.8),0,6.1,7,1,0.8,0.6,1.2,-4.21
271,,Damion Lee,"SG,SF",PHO,69,20.4,0.441 (2.8/6.2),0.888 (1.2/1.3),1.3,8,3.2,1.2,0.5,0.1,0.9,-4.22
272,,Cam Reddish,"SF,PF",LAL,68,18.4,0.422 (2.8/6.7),0.879 (1.5/1.7),1,8.2,1.8,1,0.8,0.3,1,-4.25
273,,MarJon Beauchamp,"SG,SF",MIL,72,23.4,0.425 (3.1/7.3),0.739 (0.9/1.2),1.5,8.7,3.8,1.1,0.7,0.2,1.5,-4.28
274,,Bilal Coulibaly,SF,WAS,70,23,0.430 (3.3/7.7),0.716 (2.0/2.8),0.6,9.2,4.2,1.9,1.1,0.2,1.3,-4.3
275,,P.J. Tucker,SF,LAC,73,24.7,0.466 (2.0/4.2),0.759 (0.4/0.5),0.9,5.2,4.4,1.4,0.6,0.2,0.7,-4.33
276,129.6,Collin Sexton,"PG,SG",UTA,62,20,0.492 (3.9/8.0),0.805 (2.5/3.1),0.8,11.1,1.8,2.1,0.5,0.1,1.5,-4.4
R#,ADP,PLAYER,POS,TEAM,GP,MPG,FG%,FT%,3PM,PTS,TREB,AST,STL,BLK,TO,TOTAL
277,137.2,Seth Curry,"PG,SG",DAL,60,17.1,0.478 (3.0/6.2),0.896 (0.7/0.8),1.3,7.9,1.6,1.7,0.5,0.1,0.8,-4.47
278,,Nickeil Alexander-Walker,"SG,SF",MIN,67,21.2,0.394 (3.5/8.9),0.714 (1.1/1.5),1.5,9.6,2.6,2.4,0.7,0.4,1.4,-4.48
279,,Jett Howard,"SG,SF",ORL,60,16.9,0.418 (2.6/6.1),0.846 (1.0/1.2),1.9,8,2.1,1.1,0.6,0.1,0.5,-4.5
280,,Jaylin Williams,"PF,C",OKC,70,18.7,0.437 (2.1/4.8),0.696 (0.8/1.1),1,6,5,1.6,0.6,0.3,0.8,-4.51
281,,Chuma Okeke,"SF,PF",ORL,50,16.2,0.372 (1.9/5.0),0.823 (0.5/0.6),1,5.3,3.2,1.1,0.8,0.4,0.5,-4.56
282,,Cameron Payne,PG,SA,68,16.5,0.411 (3.2/7.7),0.807 (0.9/1.1),1,8.3,2.1,3.7,0.5,0.2,1.4,-4.6
283,,Naji Marshall,"SG,SF",NO,72,20,0.424 (2.9/6.7),0.794 (1.7/2.1),0.7,8.1,3.4,2,0.7,0.2,1.1,-4.63
284,,Malaki Branham,"PG,SG,SF",SA,70,25,0.427 (4.2/9.9),0.835 (0.9/1.1),1.2,10.5,2.8,2,0.5,0.1,1.2,-4.67
285,,Davis Bertans,"PF,C",OKC,40,12.9,0.500 (1.0/2.0),1.000 (3.0/3.0),1,6,1,0,0,0,0,-4.68
286,,Ryan Rollins,PG,WAS,40,8.1,0.357 (1.0/2.8),0.789 (3.0/3.8),0.3,5.3,1.3,1.8,1,0.5,0.5,-4.71
287,146.6,Monte Morris,PG,DET,68,16.3,0.482 (2.6/5.4),0.853 (0.6/0.7),0.9,6.6,1.8,2.8,0.4,0.1,0.6,-4.72
288,140.8,Kenyon Martin Jr.,SF,PHI,62,18.1,0.554 (3.3/6.0),0.663 (1.1/1.7),0.6,8.3,3.6,1.1,0.4,0.3,0.7,-4.76
R#,ADP,PLAYER,POS,TEAM,GP,MPG,FG%,FT%,3PM,PTS,TREB,AST,STL,BLK,TO,TOTAL
289,,Troy Brown Jr.,"SF,PF",MIN,60,20,0.427 (2.1/5.0),0.822 (0.4/0.5),1.1,5.7,3.5,1.1,0.7,0.2,0.5,-4.77
290,,Shake Milton,"PG,SG",MIN,69,18.8,0.457 (2.9/6.3),0.847 (1.1/1.3),0.7,7.5,2.3,2.6,0.4,0.2,1,-4.79
291,,Leonard Miller,SF,MIN,68,16.4,0.474 (2.8/6.0),0.719 (1.2/1.7),0.6,7.5,4.8,1.3,0.4,0.3,0.9,-4.83
292,,Isaiah Livers,"SF,PF",DET,60,19.2,0.425 (2.0/4.6),0.831 (0.5/0.7),1.2,5.7,2.5,0.8,0.5,0.4,0.6,-4.85
293,,Ochai Agbaji,"PG,SG",UTA,68,23,0.427 (3.2/7.4),0.812 (1.1/1.3),1.6,9,2.3,1.3,0.3,0.3,0.8,-4.87
294,,Georges Niang,PF,CLE,73,18.4,0.440 (2.7/6.1),0.867 (0.5/0.6),1.8,7.7,2.2,1,0.3,0.2,0.7,-4.88
295,,Isaac Okoro,"SG,SF",CLE,70,21,0.487 (2.2/4.6),0.762 (1.2/1.5),0.7,6.3,2.3,1.2,0.7,0.3,0.6,-4.89
296,,Orlando Robinson,C,MIA,65,16.8,0.530 (1.9/3.6),0.710 (0.9/1.2),0,4.6,5,1,0.5,0.5,0.6,-4.92
297,,Trey Lyles,"PF,C",SAC,74,14.8,0.463 (2.4/5.2),0.807 (1.6/2.0),0.8,7.2,3.7,0.8,0.3,0.3,0.7,-4.92
298,,Aaron Nesmith,"SF,PF",IND,47,17.7,0.420 (2.4/5.8),0.833 (1.1/1.3),1.1,7,2.7,0.9,0.6,0.3,0.8,-4.92
299,,JT Thor,PF,CHA,40,17.8,0.450 (1.8/4.0),0.000 (0.0/0.0),0.7,4.3,3.3,0.8,0.7,0.3,0.3,-4.93
300,,T.J. McConnell,PG,IND,58,12.1,0.526 (2.2/4.1),0.843 (0.4/0.5),0.2,4.9,1.8,3,0.6,0.1,1,-4.95
R#,ADP,PLAYER,POS,TEAM,GP,MPG,FG%,FT%,3PM,PTS,TREB,AST,STL,BLK,TO,TOTAL
301,,Torrey Craig,"SF,PF",CHI,70,16.3,0.454 (2.0/4.4),0.733 (0.3/0.5),0.8,5.1,3.4,1,0.5,0.5,0.7,-4.96
302,,Nassir Little,"SF,PF",PHO,58,18,0.450 (2.5/5.5),0.726 (0.9/1.2),1,6.8,3.3,0.9,0.4,0.5,0.7,-5.02
303,140.3,James Wiseman,C,DET,56,15.3,0.558 (3.2/5.7),0.704 (1.1/1.6),0.1,7.5,4.5,0.5,0.2,0.6,0.9,-5.07
304,,Danilo Gallinari,SF,WAS,40,15.8,0.433 (2.5/5.7),0.906 (1.4/1.5),1.1,7.4,2.9,1,0.3,0.1,0.4,-5.08
305,,Chris Duarte,SF,SAC,68,18.4,0.409 (3.0/7.3),0.821 (1.2/1.4),1.1,8.3,2.6,1.4,0.6,0.1,1,-5.14
306,,Jae'Sean Tate,"SF,PF",HOU,64,15.6,0.494 (2.7/5.5),0.712 (1.0/1.5),0.4,6.9,3.1,1.8,0.5,0.3,1.1,-5.15
307,,Vince Williams Jr.,SG,MEM,40,8.9,0.304 (0.7/2.3),0.852 (2.3/2.7),0.3,4,1.3,1.3,0.3,1,0.7,-5.15
308,,Nikola Jovic,"PF,C",MIA,64,16.7,0.427 (2.4/5.7),0.892 (1.5/1.7),0.7,7,2.6,0.8,0.6,0.2,0.8,-5.16
309,,Jamal Cain,"SF,PF",MIA,40,14.6,0.444 (2.0/4.5),0.000 (0.0/0.0),0,4,3,0,1.5,0,0.5,-5.17
310,,Toumani Camara,PF,POR,40,24.5,0.328 (2.1/6.4),0.765 (1.3/1.7),0.7,6.3,4.6,1.3,0.6,0.7,0.9,-5.21
311,,Jalen Smith,"PF,C",IND,44,12.4,0.488 (2.4/4.9),0.757 (1.0/1.4),0.5,6.3,4,0.5,0.2,0.6,0.7,-5.23
312,,Marcus Morris Sr.,"PF,C",PHI,40,24.7,0.430 (3.1/7.2),0.817 (1.0/1.3),1.1,8.3,2.7,1.2,0.4,0.2,0.7,-5.24
R#,ADP,PLAYER,POS,TEAM,GP,MPG,FG%,FT%,3PM,PTS,TREB,AST,STL,BLK,TO,TOTAL
313,139.2,Payton Pritchard,"PG,SG",BOS,70,16.4,0.421 (2.6/6.2),0.769 (0.3/0.4),1.6,7.1,2.2,2.1,0.4,0.1,0.8,-5.26
314,,Jock Landale,C,HOU,68,13.4,0.515 (2.4/4.7),0.778 (1.0/1.3),0.4,6.2,3.6,1,0.2,0.4,0.8,-5.31
315,,Dwight Powell,C,DAL,74,14.1,0.696 (2.0/2.9),0.735 (1.2/1.7),0.1,5.4,3.1,0.7,0.4,0.3,0.6,-5.37
316,,Josh Minott,"SF,PF",MIN,22,10.1,0.480 (1.9/4.0),0.800 (0.8/1.0),0.2,4.8,2.7,0.5,0.4,0.6,0.3,-5.37
317,,Joe Ingles,"SF,PF",ORL,60,16.8,0.419 (1.8/4.2),0.794 (0.3/0.3),1.3,5,2,2.4,0.4,0.1,0.8,-5.41
318,,Danny Green,SG,PHI,30,14.4,0.400 (1.4/3.6),0.800 (0.1/0.2),1.2,4.2,1.7,0.7,0.7,0.4,0.5,-5.47
319,136.2,Mo Bamba,C,PHI,50,10.4,0.480 (1.7/3.5),0.727 (0.4/0.6),0.6,4.4,3.2,0.5,0.2,0.7,0.4,-5.49
320,140.7,Duncan Robinson,"SG,SF",MIA,59,17.8,0.393 (2.5/6.3),0.869 (0.5/0.6),1.9,7.4,1.8,1.2,0.4,0.1,0.6,-5.5
321,,Christian Koloko,C,TOR,60,14.8,0.479 (1.3/2.8),0.627 (0.7/1.1),0,3.4,3.2,0.6,0.4,1.1,0.4,-5.55
322,,Dean Wade,"SF,PF",CLE,58,18.1,0.436 (1.7/3.9),0.654 (0.3/0.5),0.9,4.6,2.9,0.9,0.6,0.3,0.3,-5.56
323,,Kris Murray,"SF,PF",POR,70,16.8,0.454 (2.1/4.7),0.756 (1.8/2.4),0.8,6.8,2.3,0.9,0.5,0.3,0.6,-5.57
324,,Davion Mitchell,"PG,SG",SAC,78,18.8,0.428 (2.9/6.7),0.698 (0.4/0.6),0.9,7.1,1.5,2.7,0.5,0.2,1,-5.58
R#,ADP,PLAYER,POS,TEAM,GP,MPG,FG%,FT%,3PM,PTS,TREB,AST,STL,BLK,TO,TOTAL
325,,Day'Ron Sharpe,C,BKN,50,11.5,0.558 (2.2/3.9),0.619 (0.7/1.2),0.1,5.2,4.4,0.7,0.3,0.6,0.9,-5.59
326,,Olivier Sarr,C,OKC,40,11,1.000 (0.3/0.3),0.667 (1.0/1.5),0,1.5,4.5,0.3,0,1.3,0.5,-5.62
327,,Cory Joseph,"PG,SG",GS,68,15.1,0.437 (1.8/4.1),0.850 (0.9/1.0),0.7,5.1,1.5,2.5,0.4,0.1,0.8,-5.67
328,,Jeremiah Robinson-Earl,"PF,C",OKC,30,14.4,0.437 (2.0/4.6),0.792 (0.6/0.8),0.8,5.4,3.6,0.7,0.4,0.2,0.5,-5.67
329,,Chris Livingston,SF,MIL,40,5.5,1.000 (2.0/2.0),0.000 (0.0/0.0),1,5,0,1,0,0,0,-5.68
330,,Jaxson Hayes,"PF,C",LAL,67,12.4,0.597 (2.0/3.4),0.744 (1.2/1.6),0.1,5.4,2.7,0.5,0.3,0.5,0.5,-5.71
331,,Yuta Watanabe,"SF,PF",PHO,58,15.5,0.460 (1.9/4.2),0.667 (0.7/1.0),1,5.5,2.7,0.8,0.4,0.4,0.5,-5.72
332,,Olivier-Maxence Prosper,PF,DAL,61,16.1,0.447 (3.0/6.8),0.758 (0.7/1.0),0.5,7.2,2.9,0.6,0.6,0.2,0.6,-5.73
333,,Zeke Nnaji,"PF,C",DEN,63,16.1,0.539 (2.4/4.4),0.641 (0.9/1.5),0.6,6.3,3.3,0.4,0.4,0.4,0.6,-5.75
334,,Danuel House Jr.,SF,PHI,68,16.8,0.458 (1.9/4.2),0.758 (1.0/1.3),0.9,5.8,2.3,1,0.4,0.3,0.7,-5.78
335,,Jacob Gilyard,PG,MEM,40,18.1,0.456 (1.8/4.0),0.725 (0.5/0.7),0.8,4.9,2.2,2.6,0.4,0.2,1.4,-5.78
336,,Kenneth Lofton Jr.,"PF,C",MEM,44,15.1,0.527 (3.9/7.5),0.592 (1.3/2.2),0.5,9.7,4.1,1.6,0.4,0.2,1,-5.8
R#,ADP,PLAYER,POS,TEAM,GP,MPG,FG%,FT%,3PM,PTS,TREB,AST,STL,BLK,TO,TOTAL
337,,Damian Jones,C,CLE,62,10.5,0.652 (1.6/2.5),0.745 (0.8/1.1),0.1,4.2,2.6,0.6,0.2,0.5,0.6,-5.82
338,,Ousmane Dieng,"SF,PF",OKC,64,17.9,0.432 (2.5/5.9),0.658 (0.5/0.7),0.8,6.4,3.3,1.5,0.5,0.2,0.8,-5.83
339,,Jordan McLaughlin,PG,MIN,38,12.6,0.432 (1.2/2.8),0.766 (0.4/0.5),0.4,3.2,1.3,2.7,0.7,0.1,0.6,-5.85
340,136.4,Bol Bol,"PF,C",PHO,40,10.4,0.548 (1.8/3.3),0.767 (0.6/0.7),0.2,4.4,2.8,0.5,0.2,0.6,0.8,-5.86
341,,Otto Porter Jr.,"SG,SF",TOR,30,10.4,0.467 (1.4/3.0),0.830 (0.4/0.5),0.6,3.8,2.6,0.7,0.5,0.2,0.3,-5.86
342,,Jalen Hood-Schifino,"PG,SG",LAL,50,14.1,0.394 (2.3/5.7),0.830 (1.1/1.4),1,6.6,1.3,2.7,0.4,0.2,1,-5.87
343,,Ish Wainright,"SF,PF",PHO,45,14.3,0.378 (1.4/3.8),0.755 (0.4/0.5),0.9,4.1,2.2,0.8,0.7,0.3,0.4,-5.94
344,,Mike Muscala,"PF,C",WAS,30,10.4,0.453 (1.7/3.7),0.811 (0.6/0.7),1,5,2.3,0.5,0.2,0.3,0.3,-5.95
345,,Peyton Watson,"SG,SF",DEN,69,15.8,0.492 (2.5/5.1),0.576 (1.0/1.7),0.5,6.5,3.2,0.9,0.2,0.9,0.7,-5.98
346,,Joe Harris,"SG,SF",DET,58,15.2,0.456 (2.0/4.5),0.667 (0.2/0.3),1.4,5.7,1.7,0.9,0.3,0.1,0.5,-5.98
347,142.4,Precious Achiuwa,"PF,C",TOR,64,16,0.458 (2.6/5.7),0.646 (0.9/1.4),0.5,6.6,4.5,0.7,0.4,0.4,0.8,-6
348,,Jake LaRavia,"SF,PF",MEM,68,16.8,0.424 (1.7/3.9),0.784 (0.3/0.4),1,4.6,2.6,0.9,0.5,0.2,0.7,-6.02
R#,ADP,PLAYER,POS,TEAM,GP,MPG,FG%,FT%,3PM,PTS,TREB,AST,STL,BLK,TO,TOTAL
349,,Derrick Jones Jr.,SF,DAL,54,12.1,0.517 (1.5/2.9),0.762 (0.8/1.1),0.3,4.1,2.2,0.4,0.4,0.5,0.4,-6.07
350,,Reggie Bullock,"SF,PF",SA,62,18.4,0.405 (1.7/4.3),0.784 (0.3/0.4),1.3,5,2.3,0.8,0.4,0.1,0.3,-6.09
351,,Nerlens Noel,C,SAC,38,10.4,0.466 (0.6/1.3),0.690 (0.4/0.6),0,1.7,2.6,0.5,0.6,0.6,0.5,-6.19
352,,Luke Kornet,C,BOS,54,9.5,0.639 (1.3/2.1),0.792 (0.4/0.5),0,3.1,2.4,0.7,0.2,0.5,0.3,-6.21
353,,David Roddy,"SF,PF",MEM,70,19.1,0.429 (2.8/6.4),0.630 (0.6/1.0),1,7.1,3,0.9,0.4,0.3,0.9,-6.21
354,,Chimezie Metu,"PF,C",PHO,40,10.4,0.496 (1.8/3.6),0.761 (0.7/0.9),0.4,4.6,2.9,0.5,0.4,0.3,0.5,-6.21
355,,Montrezl Harrell,C,PHI,40,10.4,0.631 (2.2/3.5),0.711 (1.3/1.8),0,5.7,2.7,0.8,0.2,0.3,0.5,-6.26
356,,Bruno Fernando,C,ATL,30,9.1,0.571 (1.6/2.8),0.672 (0.8/1.2),0,4,3.2,0.6,0.1,0.7,0.6,-6.27
357,,Johnny Davis,"SG,SF",WAS,63,19,0.412 (3.2/7.8),0.618 (0.8/1.2),1,8.2,3,1.3,0.5,0.4,0.8,-6.28
358,,Cam Whitmore,SF,HOU,52,15,0.468 (2.4/5.0),0.680 (0.5/0.8),1.1,6.3,2.4,0.5,0.3,0.2,0.5,-6.3
359,,Trendon Watford,PF,BKN,48,11.5,0.548 (1.8/3.3),0.736 (0.8/1.1),0.2,4.7,2.5,1.2,0.3,0.2,0.7,-6.33
360,,DeAndre Jordan,C,DEN,33,10.4,0.696 (1.6/2.2),0.500 (0.4/0.8),0,3.5,4.1,0.5,0.2,0.5,0.7,-6.34
R#,ADP,PLAYER,POS,TEAM,GP,MPG,FG%,FT%,3PM,PTS,TREB,AST,STL,BLK,TO,TOTAL
361,,Moses Moody,"SG,SF",GS,68,16,0.458 (2.1/4.7),0.733 (0.7/1.0),1,6,2.1,0.8,0.3,0.2,0.5,-6.35
362,,Justin Holiday,"SG,SF",DEN,68,15.4,0.389 (1.9/4.9),0.727 (0.3/0.4),1.3,5.4,1.4,1,0.4,0.3,0.5,-6.36
363,,Vasilije Micic,PG,OKC,60,14.4,0.433 (2.0/4.6),0.818 (0.5/0.7),0.7,5.2,1.3,2.1,0.4,0.1,0.6,-6.36
364,,Usman Garuba,"PF,C",OKC,26,10.4,0.474 (0.9/1.9),0.638 (0.3/0.5),0.3,2.4,3.4,0.7,0.5,0.4,0.5,-6.36
365,,Aleksandar Vezenkov,PF,SAC,68,15.9,0.430 (2.0/4.6),0.782 (0.4/0.6),1.2,5.6,1.6,1,0.4,0.1,0.6,-6.42
366,,Aaron Wiggins,"SG,SF",OKC,60,14,0.489 (1.9/4.0),0.773 (0.7/0.9),0.5,5.1,2.2,0.8,0.4,0.1,0.6,-6.43
367,,JaVale McGee,C,DAL,10,7.4,0.632 (1.8/2.9),0.674 (0.6/0.9),0,4.2,3,0.3,0.1,0.5,0.7,-6.47
368,,Doug McDermott,"SF,PF",SA,40,14.5,0.460 (2.6/5.7),0.771 (0.5/0.7),1.3,7.1,1.5,0.9,0.2,0.1,0.6,-6.48
369,,Kobe Brown,PF,LAC,30,11.2,0.455 (2.2/4.9),0.779 (0.5/0.7),1,6,2.1,0.4,0.3,0.2,0.4,-6.5
370,,Dennis Smith Jr.,"PG,SG",BKN,43,11.5,0.414 (1.5/3.7),0.711 (0.7/1.0),0.2,3.9,1.5,2.3,0.7,0.2,0.8,-6.53
371,,Isaiah Mobley,"PF,C",CLE,11,10.1,0.428 (1.5/3.4),0.738 (0.5/0.7),0.4,3.7,2.4,0.4,0.5,0.4,0.1,-6.59
372,,Derrick Rose,PG,MEM,20,10.3,0.423 (2.0/4.6),0.957 (0.4/0.5),0.6,5,1.3,1.6,0.3,0.2,0.7,-6.63
R#,ADP,PLAYER,POS,TEAM,GP,MPG,FG%,FT%,3PM,PTS,TREB,AST,STL,BLK,TO,TOTAL
373,,Kai Jones,"PF,C",CHA,40,10.5,0.569 (1.3/2.3),0.644 (0.4/0.6),0.1,3.1,2.3,0.3,0.3,0.6,0.6,-6.64
374,,Tristan Thompson,PF,CLE,40,10.8,0.700 (1.4/2.0),0.600 (0.6/1.0),0,3.4,3.6,0.6,0,0.6,0.8,-6.73
375,,Cole Swider,"SF,PF",MIA,40,2,0.667 (2.0/3.0),0.000 (0.0/0.0),1,5,1,0,0,0,0,-6.79
376,,Hunter Tyson,PF,DEN,67,12.2,0.452 (2.1/4.7),0.790 (0.5/0.6),0.9,5.6,1.9,0.4,0.2,0.2,0.4,-6.79
377,,Jericho Sims,"PF,C",NY,31,10.6,0.762 (1.0/1.3),0.543 (0.2/0.4),0,2.1,3.2,0.4,0.2,0.4,0.4,-6.8
378,,Théo Maledon,PG,CHA,40,17.8,0.310 (1.8/5.8),0.882 (1.5/1.7),0.3,5.5,2,2,0.8,0,1.2,-6.82
379,,Micah Potter,"PF,C",UTA,10,8.4,0.577 (1.5/2.7),0.769 (0.2/0.3),0.4,3.7,2.5,0.4,0.2,0.1,0.3,-6.83
380,,Saben Lee,PG,PHO,10,10.4,0.397 (1.3/3.2),0.761 (1.1/1.4),0.3,3.9,1.4,1.9,0.6,0.1,0.6,-6.89
381,,Dalen Terry,"SG,SF",CHI,48,10.5,0.445 (1.6/3.6),0.663 (0.7/1.0),0.4,4.2,1.8,1.1,0.6,0.3,0.4,-6.89
382,,Garrison Mathews,"SG,SF",ATL,30,11.4,0.387 (1.2/3.2),0.821 (0.9/1.1),1,4.4,1.3,0.4,0.4,0.1,0.3,-6.94
383,,Lamar Stevens,PF,BOS,40,6.2,0.667 (2.0/3.0),0.000 (0.0/0.0),0.5,4.5,2,1,0,0,1.5,-6.96
384,,Jordan Walsh,SF,BOS,60,15.4,0.429 (2.3/5.4),0.726 (1.1/1.5),0.6,6.3,1.9,1.3,0.5,0.1,1.2,-6.96
R#,ADP,PLAYER,POS,TEAM,GP,MPG,FG%,FT%,3PM,PTS,TREB,AST,STL,BLK,TO,TOTAL
385,,Boban Marjanovic,C,HOU,40,7.5,1.000 (2.0/2.0),0.000 (0.0/0.0),0,4,0,1,0,0,0,-6.97
386,,Sandro Mamukelashvili,C,SA,40,6.9,0.000 (0.0/0.0),0.000 (0.0/0.0),0,0,2,0,1,0,0,-6.99
387,,Ty Jerome,"PG,SG",CLE,40,10.5,0.425 (1.6/3.7),0.862 (0.5/0.6),0.6,4.3,1,1.6,0.4,0.1,0.4,-6.99
388,,Devonte' Graham,"PG,SG",SA,20,11.4,0.365 (1.5/4.1),0.798 (0.7/0.9),1,4.7,1,1.7,0.4,0.1,0.5,-7
389,,Darius Bazley,"PF,C",BKN,33,10.5,0.445 (1.6/3.5),0.650 (0.7/1.0),0.4,4.2,2.4,0.6,0.3,0.4,0.5,-7.04
390,,Udoka Azubuike,C,PHO,10,8.4,0.790 (1.5/1.9),0.417 (0.2/0.5),0,3.1,2.9,0.2,0.1,0.4,0.5,-7.06
391,,Kira Lewis Jr.,PG,NO,33,10.5,0.424 (1.8/4.3),0.857 (0.5/0.6),0.5,4.7,1.3,1.3,0.4,0.1,0.7,-7.07
392,,Thaddeus Young,"PF,C",TOR,20,8.4,0.531 (1.3/2.4),0.538 (0.2/0.4),0.1,2.9,1.9,0.9,0.6,0.1,0.5,-7.07
393,,Ömer Yurtseven,C,UTA,30,8.4,0.534 (1.6/2.9),0.639 (0.5/0.7),0,3.6,3.4,0.6,0.2,0.2,0.5,-7.22
394,,Landry Shamet,"PG,SG",WAS,50,11.4,0.387 (1.6/4.0),0.853 (0.6/0.7),1,4.7,1,1,0.3,0.1,0.4,-7.23
395,,Svi Mykhailiuk,SF,BOS,40,7.9,0.375 (1.5/4.0),0.000 (0.0/0.0),1,4,1.5,0.5,0.5,0,0,-7.25
396,,Trayce Jackson-Davis,PF,GS,58,9.5,0.564 (1.5/2.7),0.698 (0.8/1.2),0,3.8,2.2,1.4,0.2,0.2,0.6,-7.3
R#,ADP,PLAYER,POS,TEAM,GP,MPG,FG%,FT%,3PM,PTS,TREB,AST,STL,BLK,TO,TOTAL
397,,Brice Sensabaugh,SF,UTA,40,10.4,0.446 (1.7/3.8),0.782 (0.4/0.6),0.8,4.6,1.7,0.4,0.2,0.1,0.3,-7.32
398,,Noah Clowney,PF,BKN,33,10.5,0.494 (1.6/3.2),0.714 (0.7/1.0),0.4,4.2,2.5,0.7,0.2,0.2,0.5,-7.32
399,,Frank Ntilikina,PG,CHA,32,12.5,0.386 (1.3/3.5),0.789 (0.5/0.6),0.5,3.7,1.4,1.2,0.4,0.1,0.6,-7.32
400,,Kessler Edwards,"SG,SF",SAC,40,11,0.404 (1.2/2.9),0.786 (0.2/0.3),0.5,3.1,1.9,0.4,0.4,0.2,0.5,-7.33
401,134.6,Steven Adams,C,MEM,4,10.3,0.565 (1.2/2.1),0.472 (0.5/1.1),0,2.9,4,1.1,0.3,0.3,0.6,-7.34
402,,Neemias Queta,C,SAC,40,10.4,0.500 (1.6/3.3),0.609 (0.8/1.3),0,4,2.9,0.5,0.1,0.7,0.5,-7.39
403,,Patrick Baldwin Jr.,"SF,PF",WAS,40,8.4,0.395 (1.6/4.1),0.652 (0.2/0.2),1.2,4.6,1.5,0.4,0.2,0.2,0.4,-7.41
404,,Jeff Green,"PF,C",HOU,40,10.5,0.511 (1.6/3.1),0.798 (0.9/1.1),0.3,4.4,1.4,0.6,0.2,0.2,0.4,-7.42
405,,Robin Lopez,C,MIL,68,11.1,0.577 (2.0/3.4),0.640 (0.6/0.9),0.1,4.5,2.2,0.9,0.1,0.3,0.9,-7.43
406,,Jabari Walker,"SF,PF",POR,68,11.4,0.448 (1.7/3.7),0.750 (0.6/0.8),0.3,4.2,2.4,0.6,0.2,0.2,0.5,-7.43
407,,Emoni Bates,SF,CLE,22,12.1,0.400 (1.8/4.5),0.762 (0.5/0.6),0.9,5,2,0.4,0.2,0.2,0.4,-7.44
408,,Julian Strawther,SF,DEN,38,10.4,0.430 (1.7/3.9),0.782 (0.4/0.6),0.8,4.6,1.7,0.4,0.2,0.1,0.3,-7.46
R#,ADP,PLAYER,POS,TEAM,GP,MPG,FG%,FT%,3PM,PTS,TREB,AST,STL,BLK,TO,TOTAL
409,,Malachi Flynn,PG,TOR,60,12.1,0.374 (1.6/4.2),0.702 (0.4/0.6),0.8,4.3,1.4,1.4,0.4,0.1,0.4,-7.47
410,,Lester Quinones,SG,GS,40,4.7,0.667 (2.0/3.0),0.000 (0.0/0.0),1,5,0,0,0,0,1,-7.48
411,,Cody Zeller,C,NO,33,8.4,0.590 (1.3/2.2),0.736 (0.9/1.3),0,3.5,2.8,0.5,0.2,0.2,0.5,-7.49
412,,Bryce McGowens,"SG,SF",CHA,64,17.1,0.397 (1.8/4.4),0.750 (1.3/1.8),0.6,5.4,2,1.2,0.3,0.1,0.9,-7.51
413,,Alex Len,C,SAC,30,8.4,0.534 (1.2/2.2),0.651 (0.6/0.9),0.1,3,2.4,0.6,0.2,0.4,0.6,-7.52
414,,Tre Mann,"PG,SG",OKC,26,10.4,0.392 (1.8/4.5),0.786 (0.4/0.6),0.7,4.7,1.3,0.9,0.4,0.1,0.6,-7.55
415,,Aaron Holiday,"PG,SG",HOU,30,8.4,0.437 (1.1/2.5),0.848 (0.4/0.5),0.3,3,0.9,1.1,0.4,0.1,0.5,-7.58
416,,Patty Mills,PG,ATL,20,10.3,0.408 (1.5/3.6),0.813 (0.3/0.3),1,4.2,0.7,0.9,0.2,0.1,0.4,-7.59
417,,Oshae Brissett,"SF,PF",BOS,58,11.2,0.399 (1.4/3.5),0.705 (0.9/1.3),0.6,4.3,2.5,0.5,0.3,0.2,0.4,-7.63
418,,AJ Green,"PG,SG",MIL,30,8.4,0.423 (1.3/3.1),1.000 (0.1/0.1),1.1,3.8,1.1,0.5,0.2,0,0.2,-7.66
419,,Wesley Matthews,SG,ATL,34,12.4,0.383 (1.0/2.6),0.842 (0.3/0.4),0.6,2.9,1.4,0.5,0.3,0.1,0.3,-7.68
420,,Moussa Diabate,"PF,C",LAC,40,3.9,0.412 (0.7/1.7),0.000 (0.0/0.0),0,1.3,1,1.3,0.7,0,0.7,-7.69
R#,ADP,PLAYER,POS,TEAM,GP,MPG,FG%,FT%,3PM,PTS,TREB,AST,STL,BLK,TO,TOTAL
421,,Kobe Bufkin,SG,ATL,67,12.4,0.452 (1.5/3.2),0.809 (1.2/1.5),0.2,4.4,0.8,0.9,0.2,0.2,0.5,-7.7
422,,Admiral Schofield,"SF,PF",ORL,30,10.1,0.434 (1.2/2.8),0.881 (0.4/0.4),0.6,3.3,1.7,0.6,0.1,0.1,0.4,-7.72
423,,Simone Fontecchio,SF,UTA,40,12.4,0.369 (1.9/5.1),0.792 (0.6/0.7),1,5.4,1.4,0.7,0.3,0.1,0.6,-7.72
424,,Keon Johnson,"PG,SG",PHO,44,10.4,0.362 (1.5/4.3),0.739 (0.7/0.9),0.6,4.3,1.2,1.3,0.4,0.2,0.8,-7.74
425,,Daniel Theis,C,IND,20,8.1,0.512 (1.3/2.5),0.651 (0.4/0.6),0.3,3.3,1.9,0.4,0.2,0.3,0.4,-7.74
426,,Jay Huff,C,DEN,10,4.4,0.537 (0.6/1.1),0.935 (0.6/0.6),0.2,2,1,0.4,0.2,0.2,0.2,-7.77
427,,Dalano Banton,"PG,SG",BOS,44,8.4,0.417 (1.2/2.9),0.644 (0.4/0.6),0.2,3,1.5,1.2,0.4,0.2,0.6,-7.87
428,,Brandin Podziemski,SG,GS,60,13.5,0.448 (1.5/3.3),0.741 (1.0/1.4),0.4,4.4,1.3,1.3,0.2,0.1,0.6,-7.89
429,,A.J. Lawson,"SG,SF,PF",DAL,10,7.4,0.500 (1.5/3.0),0.727 (0.4/0.6),0.7,4.1,1.5,0.1,0.1,0,0.2,-7.91
430,,Furkan Korkmaz,"SG,SF",PHI,50,10.6,0.398 (1.4/3.5),0.781 (0.6/0.7),0.6,3.9,1.3,0.9,0.3,0.1,0.4,-7.91
431,,JD Davison,"PG,SG",BOS,23,8.4,0.420 (1.0/2.5),0.500 (0.1/0.3),0.3,2.5,1.2,1.4,0.3,0.3,0.5,-7.91
432,,Luka Samanic,PF,UTA,40,4.1,0.481 (1.3/2.7),1.000 (0.3/0.3),0.3,3.3,1,0,0.3,0,0,-7.94
R#,ADP,PLAYER,POS,TEAM,GP,MPG,FG%,FT%,3PM,PTS,TREB,AST,STL,BLK,TO,TOTAL
433,,Rayan Rupert,SG,POR,30,10.4,0.410 (1.3/3.2),0.765 (0.6/0.8),0.3,3.5,1.1,1.1,0.3,0.2,0.6,-7.99
434,,Dante Exum,PG,DAL,38,11.1,0.406 (1.3/3.2),0.758 (0.5/0.7),0.1,3.2,1.1,1.3,0.4,0.1,0.7,-7.99
435,,Anthony Gill,"PF,C",WAS,30,8.4,0.553 (1.0/1.9),0.763 (0.7/0.9),0.1,2.9,1.4,0.5,0.1,0.2,0.3,-8.04
436,,Ben Sheppard,"SG,SF",IND,40,10.2,0.400 (1.0/2.5),0.000 (0.0/0.0),1,3,1,1,0,0,0,-8.15
437,,Colby Jones,SG,SAC,40,9.2,0.357 (1.0/2.8),0.000 (0.0/0.0),0.3,2.3,1.8,0.3,0.3,0.3,0.8,-8.16
438,,Kevon Harris,SG,ORL,10,8.4,0.437 (0.9/2.0),0.763 (0.6/0.8),0.3,2.6,1.3,0.3,0.3,0.1,0.4,-8.19
439,,Sam Merrill,SG,CLE,20,8.4,0.370 (1.2/3.4),0.659 (0.3/0.4),0.9,3.7,1.2,0.7,0.3,0,0.2,-8.21
440,,Miles McBride,PG,NY,50,10.4,0.337 (1.0/3.0),0.660 (0.3/0.5),0.5,2.9,0.9,1.1,0.5,0.1,0.3,-8.21
441,,James Bouknight,SG,CHA,53,10.5,0.354 (1.5/4.3),0.772 (0.6/0.8),0.7,4.3,1.6,0.9,0.3,0.1,0.6,-8.23
442,,Ibou Badji,C,POR,50,10.4,0.352 (1.1/3.0),0.622 (0.8/1.3),0,2.9,2.7,0.9,0.3,0.5,0.7,-8.25
443,,Nick Smith Jr.,"PG,SG",CHA,52,10.5,0.417 (1.5/3.5),0.702 (0.4/0.6),0.5,3.8,0.8,1,0.2,0.1,0.4,-8.32
444,,Daishen Nix,PG,MIN,40,2.1,1.000 (0.5/0.5),0.000 (0.0/0.0),0,1,0,0,0.5,0,0,-8.33
R#,ADP,PLAYER,POS,TEAM,GP,MPG,FG%,FT%,3PM,PTS,TREB,AST,STL,BLK,TO,TOTAL
445,,Jalen Pickett,SG,DEN,28,8.4,0.448 (0.9/1.9),0.750 (0.3/0.4),0.3,2.4,0.7,0.7,0.2,0.1,0.3,-8.4
446,,Garrett Temple,SG,TOR,40,2.5,1.000 (0.5/0.5),1.000 (1.0/1.0),0,2,0,0,0,0,0,-8.41
447,,Caleb Houstan,"SG,SF",ORL,40,10.4,0.362 (0.9/2.4),0.826 (0.2/0.2),0.6,2.5,1.3,0.4,0.2,0.1,0.2,-8.45
448,,Jeenathan Williams,SG,HOU,40,4.8,0.667 (2.0/3.0),0.000 (0.0/0.0),0,4,0,0,0,0,0,-8.47
449,,Luka Garza,C,MIN,40,1.2,1.000 (1.0/1.0),0.000 (0.0/0.0),0,2,1,0,0,0,0,-8.48
450,,DaQuan Jeffries,SG,NY,40,3.7,0.667 (1.0/1.5),0.000 (0.0/0.0),0.5,2.5,0.5,0,0,0,0,-8.52
451,,Thanasis Antetokounmpo,SF,MIL,30,8.4,0.516 (1.1/2.2),0.588 (0.5/0.9),0,2.8,1.8,0.5,0.2,0.2,0.5,-8.54
452,,Braxton Key,SF,DEN,10,4.4,0.465 (0.7/1.6),0.594 (0.2/0.3),0.1,1.8,1.1,0.2,0.2,0.2,0.2,-8.55
453,,Collin Gillespie,PG,DEN,40,6,0.412 (0.7/1.7),0.000 (0.0/0.0),0.3,1.7,0.3,0.7,0.3,0,0,-8.66
454,,Jordan Miller,SF,LAC,40,3.4,0.667 (1.0/1.5),0.000 (0.0/0.0),0.5,2.5,0,0,0,0,0,-8.72
455,,Terry Taylor,PF,CHI,10,4.8,0.592 (0.9/1.5),0.677 (0.2/0.3),0.1,2,1.1,0.3,0.1,0.1,0.2,-8.78
456,,Andre Jackson,SG,MIL,58,8.4,0.442 (0.9/2.0),0.729 (0.4/0.5),0.2,2.3,0.7,0.7,0.2,0.1,0.3,-8.82
457,,TyTy Washington Jr.,PG,OKC,40,3.2,0.500 (1.0/2.0),0.000 (0.0/0.0),1,3,0,0,0,0,1,-8.87
458,,Jordan Nwora,"SF,PF",IND,12,4.8,0.422 (0.8/1.9),0.808 (0.2/0.3),0.3,2.1,0.9,0.3,0.1,0.1,0.3,-8.9
459,,Dylan Windler,SF,NY,40,3,0.500 (0.5/1.0),0.000 (0.0/0.0),0.5,1.5,0.5,0.5,0,0,0,-8.96
460,,Blake Wesley,"PG,SG",SA,10,8.4,0.322 (0.9/2.7),0.589 (0.3/0.6),0.3,2.3,1,1.3,0.3,0.1,0.8,-9.24
461,,Dariq Whitehead,"SG,SF",BKN,30,8.8,0.411 (0.8/1.9),0.743 (0.3/0.4),0.3,2.1,0.5,0.4,0.1,0,0.3,-9.32
462,,Jalen Wilson,PF,BKN,40,3.3,0.000 (0.0/0.5),0.000 (0.0/0.0),0,0,0.5,0,0,0.5,0,-9.37
463,,Dereon Seabron,"SG,SF",NO,40,13.1,0.000 (0.0/2.0),1.000 (2.0/2.0),0,2,0,1,0,0,0,-9.38
464,,Mouhamed Gueye,PF,ATL,40,2.2,0.000 (0.0/0.5),0.000 (0.0/0.0),0,0,0,0,0.5,0,0,-9.52
465,,Keon Ellis,"SG,SF",SAC,40,1.3,0.000 (0.0/0.5),0.000 (0.0/0.0),0,0,0,0,0.5,0,0,-9.52
466,,Jordan Ford,PG,SAC,40,1.3,0.000 (0.0/0.5),1.000 (1.0/1.0),0,1,0,0,0,0,0,-9.59
467,,Trent Forrest,PG,ATL,40,4.7,0.000 (0.0/0.0),0.000 (0.0/0.0),0,0,0,1,0,0,0,-9.75
468,,Amir Coffey,"SG,SF",LAC,40,6.6,0.000 (0.0/0.7),1.000 (0.7/0.7),0,0.7,0.3,0.7,0,0,0.7,-9.86
469,,Ryan Arcidiacono,PG,NY,40,2.2,0.000 (0.0/0.0),0.000 (0.0/0.0),0,0,1,0,0,0,0,-9.86
470,,Filip Petrusev,C,LAC,40,2.7,0.000 (0.0/0.0),0.000 (0.0/0.0),0,0,1,0,0,0,0,-9.86
471,,Jared Rhoden,"SG,SF",DET,40,2.2,0.000 (0.0/0.0),0.000 (0.0/0.0),0,0,0.5,0,0,0,0,-10.06
472,,Nate Hinton,SG,HOU,40,1.4,0.000 (0.0/0.0),0.000 (0.0/0.0),0,0,0,0,0,0,0,-10.26
473,,Julian Phillips,SF,CHI,40,2.7,0.000 (0.0/0.0),0.000 (0.0/0.0),0,0,0,0,0,0,0,-10.26
474,,Gregory Jackson,PF,MEM,40,0.6,0.000 (0.0/0.0),0.000 (0.0/0.0),0,0,0,0,0,0,0,-10.26
475,,Jared Butler,SG,WAS,40,4.4,0.250 (0.5/2.0),0.000 (0.0/0.0),0.5,1.5,0,0.5,0,0,0.5,-10.29
476,,EJ Liddell,PF,NO,40,1.8,0.000 (0.0/0.5),0.000 (0.0/0.0),0,0,1,0,0,0,0,-10.36
477,,Stanley Umude,SG,DET,40,3.9,0.000 (0.0/0.8),0.000 (0.0/0.0),0,0,0.4,0,0.2,0,0,-10.39
478,,Maxwell Lewis,SF,LAL,40,2.7,0.000 (0.0/0.0),0.000 (0.0/0.0),0,0,0,0,0,0,0.5,-10.41
479,,Lindy Waters III,"SG,SF,PF",OKC,40,1.5,0.000 (0.0/0.3),0.000 (0.0/0.0),0,0,0,0,0,0,0,-10.56
480,,Ish Smith,PG,CHA,40,3.3,0.000 (0.0/0.0),0.000 (0.0/0.0),0,0,0,0,0,0,1,-10.56
481,,R.J. Hampton,"PG,SG",MIA,40,2,0.000 (0.0/1.0),0.000 (0.0/0.0),0,0,0,0,0,0,0,-11.25
482,,Keyontae Johnson,SF,OKC,40,5.5,0.000 (0.0/1.0),0.000 (0.0/0.0),0,0,0,0,0,0,0,-11.25
483,,Jerome Robinson,"PG,SG",GS,40,4.7,0.000 (0.0/2.0),0.000 (0.0/0.0),0,0,2,0,0,0,0,-11.43
